id,timestamp
0,2022-06-28_14-39-34
1,2022-06-28_14-42-54
2,2022-06-28_14-46-14
3,2022-06-28_14-49-34
4,2022-06-28_14-52-54
5,2022-06-28_14-56-14
6,2022-06-28_15-39-37
7,2022-06-28_15-42-57
8,2022-06-28_15-46-17
9,2022-06-28_15-49-26
10,2022-06-28_15-52-46
11,2022-06-28_15-56-06
12,2022-06-28_16-39-45
13,2022-06-28_16-43-05
14,2022-06-28_16-46-25
15,2022-06-28_16-49-29
16,2022-06-28_16-52-49
17,2022-06-28_16-56-09
18,2022-06-28_17-39-54
19,2022-06-28_17-43-14
20,2022-06-28_17-46-34
21,2022-06-28_17-49-26
22,2022-06-28_17-52-46
23,2022-06-28_17-56-06
24,2022-06-28_18-40-02
25,2022-06-28_18-43-22
26,2022-06-28_18-46-42
27,2022-06-28_18-49-27
28,2022-06-28_18-52-47
29,2022-06-28_18-56-07
30,2022-06-28_19-40-10
31,2022-06-28_19-43-30
32,2022-06-28_19-46-50
33,2022-06-28_19-49-27
34,2022-06-28_19-52-47
35,2022-06-28_19-56-07
36,2022-06-29_07-31-44
37,2022-06-29_07-35-04
38,2022-06-29_07-38-24
39,2022-06-29_07-39-07
40,2022-06-29_07-39-30
41,2022-06-29_07-42-50
42,2022-06-29_07-46-10
43,2022-06-29_07-49-07
44,2022-06-29_07-49-30
45,2022-06-29_07-52-50
46,2022-06-29_07-56-10
47,2022-06-29_08-31-56
48,2022-06-29_08-35-16
49,2022-06-29_08-38-36
50,2022-06-29_08-39-06
51,2022-06-29_08-39-30
52,2022-06-29_08-42-50
53,2022-06-29_08-46-10
54,2022-06-29_08-49-06
55,2022-06-29_08-49-30
56,2022-06-29_08-52-50
57,2022-06-29_08-56-10
58,2022-06-29_08-59-06
59,2022-06-29_09-32-04
60,2022-06-29_09-35-24
61,2022-06-29_09-38-44
62,2022-06-29_09-39-04
63,2022-06-29_09-39-30
64,2022-06-29_09-42-50
65,2022-06-29_09-46-10
66,2022-06-29_09-49-04
67,2022-06-29_09-49-30
68,2022-06-29_09-52-50
69,2022-06-29_09-56-10
70,2022-06-29_09-59-04
71,2022-06-29_10-32-13
72,2022-06-29_10-35-33
73,2022-06-29_10-38-53
74,2022-06-29_10-39-30
75,2022-06-29_10-42-50
76,2022-06-29_10-46-10
77,2022-06-29_10-49-03
78,2022-06-29_10-49-30
79,2022-06-29_10-52-50
80,2022-06-29_10-56-10
81,2022-06-29_10-59-04
82,2022-06-29_11-24-52
83,2022-06-29_11-28-12
84,2022-06-29_11-29-04
85,2022-06-29_11-29-31
86,2022-06-29_11-32-51
87,2022-06-29_11-36-11
88,2022-06-29_11-39-31
89,2022-06-29_11-42-51
90,2022-06-29_11-46-11
91,2022-06-29_11-49-03
92,2022-06-29_11-49-31
93,2022-06-29_11-52-51
94,2022-06-29_11-56-11
95,2022-06-29_11-59-03
96,2022-06-29_12-25-00
97,2022-06-29_12-28-20
98,2022-06-29_12-29-31
99,2022-06-29_12-32-51
100,2022-06-29_12-36-11
101,2022-06-29_12-39-02
102,2022-06-29_12-39-31
103,2022-06-29_12-42-51
104,2022-06-29_12-46-11
105,2022-06-29_12-49-02
106,2022-06-29_12-49-31
107,2022-06-29_12-52-51
108,2022-06-29_12-56-11
109,2022-06-29_12-59-02
110,2022-06-29_13-25-09
111,2022-06-29_13-28-29
112,2022-06-29_13-29-01
113,2022-06-29_13-29-31
114,2022-06-29_13-32-51
115,2022-06-29_13-36-11
116,2022-06-29_13-39-01
117,2022-06-29_13-39-31
118,2022-06-29_13-42-51
119,2022-06-29_13-46-11
120,2022-06-29_13-49-31
121,2022-06-29_13-52-51
122,2022-06-29_13-56-11
123,2022-06-29_13-59-01
124,2022-06-29_14-25-17
125,2022-06-29_14-28-37
126,2022-06-29_14-29-01
127,2022-06-29_14-29-31
128,2022-06-29_14-32-51
129,2022-06-29_14-36-11
130,2022-06-29_14-39-31
131,2022-06-29_14-42-51
132,2022-06-29_14-46-11
133,2022-06-29_14-49-00
134,2022-06-29_14-49-31
135,2022-06-29_14-52-51
136,2022-06-29_14-56-11
137,2022-06-29_14-59-00
138,2022-06-29_15-25-25
139,2022-06-29_15-29-00
140,2022-06-29_15-29-32
141,2022-06-29_15-32-52
142,2022-06-29_15-36-12
143,2022-06-29_15-39-32
144,2022-06-29_15-42-52
145,2022-06-29_15-46-12
146,2022-06-29_15-49-00
147,2022-06-29_15-49-32
148,2022-06-29_15-52-52
149,2022-06-29_15-56-12
150,2022-06-29_15-59-00
151,2022-06-29_16-25-05
152,2022-06-29_16-28-25
153,2022-06-29_16-28-59
154,2022-06-29_16-29-32
155,2022-06-29_16-32-52
156,2022-06-29_16-36-12
157,2022-06-29_16-38-59
158,2022-06-29_16-39-32
159,2022-06-29_16-42-52
160,2022-06-29_16-46-12
161,2022-06-29_16-48-59
162,2022-06-29_16-49-32
163,2022-06-29_16-52-52
164,2022-06-29_16-56-12
165,2022-06-29_16-58-59
166,2022-06-29_17-25-14
167,2022-06-29_17-28-34
168,2022-06-29_17-28-59
169,2022-06-29_17-29-32
170,2022-06-29_17-32-52
171,2022-06-29_17-36-12
172,2022-06-29_17-38-59
173,2022-06-29_17-39-32
174,2022-06-29_17-42-52
175,2022-06-29_17-46-12
176,2022-06-29_17-48-59
177,2022-06-29_17-49-32
178,2022-06-29_17-52-52
179,2022-06-29_17-56-12
180,2022-06-29_17-58-59
181,2022-06-29_18-25-23
182,2022-06-29_18-28-59
183,2022-06-29_18-29-32
184,2022-06-29_18-32-52
185,2022-06-29_18-36-12
186,2022-06-29_18-38-59
187,2022-06-29_18-39-32
188,2022-06-29_18-42-52
189,2022-06-29_18-46-12
190,2022-06-29_18-49-32
191,2022-06-29_18-52-52
192,2022-06-29_18-56-12
193,2022-06-29_18-58-58
194,2022-06-29_19-25-31
195,2022-06-29_19-28-58
196,2022-06-29_19-29-33
197,2022-06-29_19-32-53
198,2022-06-29_19-36-13
199,2022-06-29_19-38-58
200,2022-06-29_19-39-33
201,2022-06-29_19-42-53
202,2022-06-29_19-46-13
203,2022-06-29_19-48-58
204,2022-06-29_19-49-33
205,2022-06-29_19-52-53
206,2022-06-29_19-56-13
207,2022-06-29_19-58-58
208,2022-06-30_07-27-25
209,2022-06-30_07-29-10
210,2022-06-30_07-29-36
211,2022-06-30_07-32-56
212,2022-06-30_07-36-16
213,2022-06-30_07-39-10
214,2022-06-30_07-39-36
215,2022-06-30_07-42-56
216,2022-06-30_07-46-16
217,2022-06-30_07-49-36
218,2022-06-30_07-52-56
219,2022-06-30_07-56-16
220,2022-06-30_07-59-11
221,2022-06-30_08-27-34
222,2022-06-30_08-29-10
223,2022-06-30_08-29-36
224,2022-06-30_08-32-56
225,2022-06-30_08-36-16
226,2022-06-30_08-39-10
227,2022-06-30_08-39-36
228,2022-06-30_08-42-56
229,2022-06-30_08-46-16
230,2022-06-30_08-49-10
231,2022-06-30_08-49-36
232,2022-06-30_08-52-56
233,2022-06-30_08-56-16
234,2022-06-30_08-59-10
235,2022-06-30_09-27-42
236,2022-06-30_09-29-10
237,2022-06-30_09-29-36
238,2022-06-30_09-32-56
239,2022-06-30_09-36-16
240,2022-06-30_09-39-10
241,2022-06-30_09-39-36
242,2022-06-30_09-42-56
243,2022-06-30_09-46-16
244,2022-06-30_09-49-10
245,2022-06-30_09-49-36
246,2022-06-30_09-52-56
247,2022-06-30_09-56-16
248,2022-06-30_09-59-11
249,2022-06-30_10-27-50
250,2022-06-30_10-29-11
251,2022-06-30_10-29-36
252,2022-06-30_10-32-56
253,2022-06-30_10-36-16
254,2022-06-30_10-39-11
255,2022-06-30_10-39-36
256,2022-06-30_10-42-56
257,2022-06-30_10-46-16
258,2022-06-30_10-49-11
259,2022-06-30_10-49-37
260,2022-06-30_10-52-57
261,2022-06-30_10-56-17
262,2022-06-30_10-59-11
263,2022-06-30_11-27-58
264,2022-06-30_11-29-37
265,2022-06-30_11-32-57
266,2022-06-30_11-36-17
267,2022-06-30_11-39-11
268,2022-06-30_11-39-37
269,2022-06-30_11-42-57
270,2022-06-30_11-46-17
271,2022-06-30_11-49-11
272,2022-06-30_11-49-37
273,2022-06-30_11-52-57
274,2022-06-30_11-56-17
275,2022-06-30_11-59-11
276,2022-06-30_12-28-06
277,2022-06-30_12-29-11
278,2022-06-30_12-29-37
279,2022-06-30_12-32-57
280,2022-06-30_12-36-17
281,2022-06-30_12-39-11
282,2022-06-30_12-39-37
283,2022-06-30_12-42-57
284,2022-06-30_12-46-17
285,2022-06-30_12-49-11
286,2022-06-30_12-49-37
287,2022-06-30_12-52-57
288,2022-06-30_12-56-17
289,2022-06-30_12-59-11
290,2022-06-30_13-28-15
291,2022-06-30_13-29-12
292,2022-06-30_13-29-37
293,2022-06-30_13-32-57
294,2022-06-30_13-36-17
295,2022-06-30_13-39-37
296,2022-06-30_13-42-57
297,2022-06-30_13-46-17
298,2022-06-30_13-49-11
299,2022-06-30_13-49-37
300,2022-06-30_13-52-57
301,2022-06-30_13-56-17
302,2022-06-30_13-59-11
303,2022-06-30_14-28-23
304,2022-06-30_14-29-11
305,2022-06-30_14-29-37
306,2022-06-30_14-32-57
307,2022-06-30_14-36-17
308,2022-06-30_14-39-11
309,2022-06-30_14-39-37
310,2022-06-30_14-42-57
311,2022-06-30_14-46-17
312,2022-06-30_14-49-11
313,2022-06-30_14-49-37
314,2022-06-30_14-52-57
315,2022-06-30_14-56-17
316,2022-06-30_15-28-32
317,2022-06-30_15-29-11
318,2022-06-30_15-29-38
319,2022-06-30_15-32-58
320,2022-06-30_15-36-18
321,2022-06-30_15-39-11
322,2022-06-30_15-39-38
323,2022-06-30_15-42-58
324,2022-06-30_15-46-18
325,2022-06-30_15-49-11
326,2022-06-30_15-49-38
327,2022-06-30_15-52-58
328,2022-06-30_15-56-18
329,2022-06-30_15-59-11
330,2022-06-30_16-28-42
331,2022-06-30_16-29-12
332,2022-06-30_16-29-38
333,2022-06-30_16-32-58
334,2022-06-30_16-36-18
335,2022-06-30_16-39-12
336,2022-06-30_16-39-38
337,2022-06-30_16-42-58
338,2022-06-30_16-46-18
339,2022-06-30_16-49-12
340,2022-06-30_16-49-38
341,2022-06-30_16-52-58
342,2022-06-30_16-56-18
343,2022-06-30_17-29-13
344,2022-06-30_17-29-38
345,2022-06-30_17-32-58
346,2022-06-30_17-36-18
347,2022-06-30_17-39-13
348,2022-06-30_17-39-38
349,2022-06-30_17-42-58
350,2022-06-30_17-46-18
351,2022-06-30_17-49-13
352,2022-06-30_17-49-38
353,2022-06-30_17-52-58
354,2022-06-30_17-56-18
355,2022-06-30_17-59-13
356,2022-06-30_18-29-14
357,2022-06-30_18-29-39
358,2022-06-30_18-32-59
359,2022-06-30_18-36-19
360,2022-06-30_18-39-14
361,2022-06-30_18-39-39
362,2022-06-30_18-42-59
363,2022-06-30_18-46-19
364,2022-06-30_18-49-14
365,2022-06-30_18-49-39
366,2022-06-30_18-52-59
367,2022-06-30_18-56-19
368,2022-06-30_19-29-13
369,2022-06-30_19-29-39
370,2022-06-30_19-32-59
371,2022-06-30_19-36-19
372,2022-06-30_19-39-13
373,2022-06-30_19-39-39
374,2022-06-30_19-42-59
375,2022-06-30_19-46-19
376,2022-06-30_19-49-13
377,2022-06-30_19-49-39
378,2022-06-30_19-52-59
379,2022-06-30_19-56-19
380,2022-06-30_19-59-13
381,2022-07-01_07-30-54
382,2022-07-01_07-34-14
383,2022-07-01_07-37-34
384,2022-07-01_07-39-18
385,2022-07-01_07-39-42
386,2022-07-01_07-43-02
387,2022-07-01_07-46-22
388,2022-07-01_07-49-18
389,2022-07-01_07-49-42
390,2022-07-01_07-53-02
391,2022-07-01_07-56-22
392,2022-07-01_07-59-18
393,2022-07-01_08-31-02
394,2022-07-01_08-34-22
395,2022-07-01_08-37-42
396,2022-07-01_08-39-42
397,2022-07-01_08-43-02
398,2022-07-01_08-46-22
399,2022-07-01_08-49-18
400,2022-07-01_08-49-42
401,2022-07-01_08-53-02
402,2022-07-01_08-56-22
403,2022-07-01_08-59-18
404,2022-07-01_09-31-11
405,2022-07-01_09-34-31
406,2022-07-01_09-37-51
407,2022-07-01_09-39-18
408,2022-07-01_09-39-42
409,2022-07-01_09-43-02
410,2022-07-01_09-46-22
411,2022-07-01_09-49-18
412,2022-07-01_09-49-42
413,2022-07-01_09-53-02
414,2022-07-01_09-56-22
415,2022-07-01_09-59-18
416,2022-07-01_10-31-19
417,2022-07-01_10-34-39
418,2022-07-01_10-37-59
419,2022-07-01_10-39-17
420,2022-07-01_10-39-42
421,2022-07-01_10-43-02
422,2022-07-01_10-46-22
423,2022-07-01_10-49-17
424,2022-07-01_10-49-42
425,2022-07-01_10-53-02
426,2022-07-01_10-56-22
427,2022-07-01_10-59-17
428,2022-07-01_11-31-28
429,2022-07-01_11-34-48
430,2022-07-01_11-38-08
431,2022-07-01_11-39-17
432,2022-07-01_11-39-43
433,2022-07-01_11-43-03
434,2022-07-01_11-46-23
435,2022-07-01_11-49-17
436,2022-07-01_11-49-43
437,2022-07-01_11-53-03
438,2022-07-01_11-56-23
439,2022-07-01_11-59-17
440,2022-07-01_12-31-35
441,2022-07-01_12-34-55
442,2022-07-01_12-38-15
443,2022-07-01_12-39-18
444,2022-07-01_12-39-43
445,2022-07-01_12-43-03
446,2022-07-01_12-46-23
447,2022-07-01_12-49-18
448,2022-07-01_12-49-43
449,2022-07-01_12-53-03
450,2022-07-01_12-56-23
451,2022-07-01_12-59-18
452,2022-07-01_13-31-44
453,2022-07-01_13-35-04
454,2022-07-01_13-38-24
455,2022-07-01_13-39-18
456,2022-07-01_13-39-43
457,2022-07-01_13-43-03
458,2022-07-01_13-46-23
459,2022-07-01_13-49-18
460,2022-07-01_13-49-43
461,2022-07-01_13-53-03
462,2022-07-01_13-56-23
463,2022-07-01_13-59-18
464,2022-07-01_14-31-52
465,2022-07-01_14-35-12
466,2022-07-01_14-38-32
467,2022-07-01_14-39-19
468,2022-07-01_14-39-43
469,2022-07-01_14-43-03
470,2022-07-01_14-46-23
471,2022-07-01_14-49-19
472,2022-07-01_14-49-43
473,2022-07-01_14-53-03
474,2022-07-01_14-56-23
475,2022-07-01_14-59-20
476,2022-07-01_15-32-00
477,2022-07-01_15-35-20
478,2022-07-01_15-38-40
479,2022-07-01_15-39-19
480,2022-07-01_15-39-44
481,2022-07-01_15-43-04
482,2022-07-01_15-46-24
483,2022-07-01_15-49-19
484,2022-07-01_15-49-44
485,2022-07-01_15-53-04
486,2022-07-01_15-56-24
487,2022-07-01_15-59-19
488,2022-07-01_16-32-08
489,2022-07-01_16-35-28
490,2022-07-01_16-38-48
491,2022-07-01_16-39-18
492,2022-07-01_16-39-44
493,2022-07-01_16-43-04
494,2022-07-01_16-46-24
495,2022-07-01_16-49-18
496,2022-07-01_16-49-44
497,2022-07-01_16-53-04
498,2022-07-01_16-56-24
499,2022-07-01_16-59-19
500,2022-07-01_17-32-16
501,2022-07-01_17-35-36
502,2022-07-01_17-38-56
503,2022-07-01_17-39-18
504,2022-07-01_17-39-44
505,2022-07-01_17-43-04
506,2022-07-01_17-46-24
507,2022-07-01_17-49-18
508,2022-07-01_17-49-44
509,2022-07-01_17-53-04
510,2022-07-01_17-56-24
511,2022-07-01_17-59-18
512,2022-07-01_18-32-24
513,2022-07-01_18-35-44
514,2022-07-01_18-39-04
515,2022-07-01_18-39-44
516,2022-07-01_18-43-04
517,2022-07-01_18-46-24
518,2022-07-01_18-49-18
519,2022-07-01_18-49-44
520,2022-07-01_18-53-04
521,2022-07-01_18-56-24
522,2022-07-01_18-59-18
523,2022-07-01_19-32-34
524,2022-07-01_19-35-54
525,2022-07-01_19-39-19
526,2022-07-01_19-39-45
527,2022-07-01_19-43-05
528,2022-07-01_19-46-25
529,2022-07-01_19-49-45
530,2022-07-01_19-53-05
531,2022-07-01_19-56-25
532,2022-07-01_19-59-18
533,2022-07-02_07-34-17
534,2022-07-02_07-37-37
535,2022-07-02_07-39-18
536,2022-07-02_07-39-48
537,2022-07-02_07-43-08
538,2022-07-02_07-46-28
539,2022-07-02_07-49-18
540,2022-07-02_07-49-48
541,2022-07-02_07-53-08
542,2022-07-02_07-56-28
543,2022-07-02_08-34-25
544,2022-07-02_08-37-45
545,2022-07-02_08-39-17
546,2022-07-02_08-39-48
547,2022-07-02_08-43-08
548,2022-07-02_08-46-28
549,2022-07-02_08-49-17
550,2022-07-02_08-49-48
551,2022-07-02_08-53-08
552,2022-07-02_08-56-28
553,2022-07-02_08-59-17
554,2022-07-02_09-34-36
555,2022-07-02_09-37-56
556,2022-07-02_09-39-18
557,2022-07-02_09-39-48
558,2022-07-02_09-43-08
559,2022-07-02_09-46-28
560,2022-07-02_09-49-18
561,2022-07-02_09-49-48
562,2022-07-02_09-53-08
563,2022-07-02_09-56-28
564,2022-07-02_09-59-18
565,2022-07-02_10-34-45
566,2022-07-02_10-38-05
567,2022-07-02_10-39-18
568,2022-07-02_10-39-48
569,2022-07-02_10-43-08
570,2022-07-02_10-46-28
571,2022-07-02_10-49-18
572,2022-07-02_10-49-48
573,2022-07-02_10-53-08
574,2022-07-02_10-56-28
575,2022-07-02_10-59-18
576,2022-07-02_11-34-55
577,2022-07-02_11-38-15
578,2022-07-02_11-39-18
579,2022-07-02_11-39-49
580,2022-07-02_11-43-09
581,2022-07-02_11-46-29
582,2022-07-02_11-49-49
583,2022-07-02_11-53-09
584,2022-07-02_11-56-29
585,2022-07-02_11-59-18
586,2022-07-02_12-35-02
587,2022-07-02_12-38-22
588,2022-07-02_12-39-17
589,2022-07-02_12-39-49
590,2022-07-02_12-43-09
591,2022-07-02_12-46-29
592,2022-07-02_12-49-17
593,2022-07-02_12-49-49
594,2022-07-02_12-53-09
595,2022-07-02_12-56-29
596,2022-07-02_13-35-12
597,2022-07-02_13-38-32
598,2022-07-02_13-39-17
599,2022-07-02_13-39-49
600,2022-07-02_13-43-09
601,2022-07-02_13-46-29
602,2022-07-02_13-49-17
603,2022-07-02_13-49-49
604,2022-07-02_13-53-09
605,2022-07-02_13-56-29
606,2022-07-02_13-59-18
607,2022-07-02_14-35-21
608,2022-07-02_14-38-41
609,2022-07-02_14-39-19
610,2022-07-02_14-39-49
611,2022-07-02_14-43-09
612,2022-07-02_14-46-29
613,2022-07-02_14-49-19
614,2022-07-02_14-49-50
615,2022-07-02_14-53-10
616,2022-07-02_14-56-30
617,2022-07-02_15-35-30
618,2022-07-02_15-38-50
619,2022-07-02_15-39-19
620,2022-07-02_15-39-50
621,2022-07-02_15-43-10
622,2022-07-02_15-46-30
623,2022-07-02_15-49-19
624,2022-07-02_15-49-50
625,2022-07-02_15-53-10
626,2022-07-02_15-56-30
627,2022-07-02_15-59-19
628,2022-07-02_16-35-38
629,2022-07-02_16-38-58
630,2022-07-02_16-39-18
631,2022-07-02_16-39-50
632,2022-07-02_16-43-10
633,2022-07-02_16-46-30
634,2022-07-02_16-49-18
635,2022-07-02_16-49-50
636,2022-07-02_16-53-10
637,2022-07-02_16-56-30
638,2022-07-02_16-59-18
639,2022-07-02_17-35-48
640,2022-07-02_17-39-19
641,2022-07-02_17-39-50
642,2022-07-02_17-43-10
643,2022-07-02_17-46-30
644,2022-07-02_17-49-19
645,2022-07-02_17-49-50
646,2022-07-02_17-53-10
647,2022-07-02_17-56-30
648,2022-07-02_17-59-19
649,2022-07-02_18-35-57
650,2022-07-02_18-39-17
651,2022-07-02_18-39-50
652,2022-07-02_18-43-10
653,2022-07-02_18-46-30
654,2022-07-02_18-49-21
655,2022-07-02_18-49-51
656,2022-07-02_18-53-11
657,2022-07-02_18-56-31
658,2022-07-02_18-59-21
659,2022-07-02_19-36-07
660,2022-07-02_19-39-21
661,2022-07-02_19-39-51
662,2022-07-02_19-43-11
663,2022-07-02_19-46-31
664,2022-07-02_19-49-21
665,2022-07-02_19-49-51
666,2022-07-02_19-53-11
667,2022-07-02_19-56-31
668,2022-07-02_19-59-22
669,2022-07-03_07-09-54
670,2022-07-03_07-13-14
671,2022-07-03_07-16-34
672,2022-07-03_07-19-24
673,2022-07-03_07-19-54
674,2022-07-03_07-23-14
675,2022-07-03_07-26-34
676,2022-07-03_07-29-24
677,2022-07-03_07-29-54
678,2022-07-03_07-33-14
679,2022-07-03_07-36-34
680,2022-07-03_07-39-24
681,2022-07-03_07-39-54
682,2022-07-03_07-43-14
683,2022-07-03_07-46-34
684,2022-07-03_07-49-54
685,2022-07-03_07-53-14
686,2022-07-03_07-56-34
687,2022-07-03_07-59-24
688,2022-07-03_08-09-54
689,2022-07-03_08-10-31
690,2022-07-03_08-13-51
691,2022-07-03_08-17-11
692,2022-07-03_08-19-25
693,2022-07-03_08-19-54
694,2022-07-03_08-23-14
695,2022-07-03_08-26-34
696,2022-07-03_08-29-25
697,2022-07-03_08-29-54
698,2022-07-03_08-33-14
699,2022-07-03_08-36-34
700,2022-07-03_08-39-25
701,2022-07-03_08-39-54
702,2022-07-03_08-43-14
703,2022-07-03_08-46-34
704,2022-07-03_08-49-25
705,2022-07-03_08-49-54
706,2022-07-03_08-53-14
707,2022-07-03_08-56-34
708,2022-07-03_08-59-25
709,2022-07-03_09-10-39
710,2022-07-03_09-13-59
711,2022-07-03_09-17-19
712,2022-07-03_09-19-25
713,2022-07-03_09-19-54
714,2022-07-03_09-23-14
715,2022-07-03_09-26-34
716,2022-07-03_09-29-25
717,2022-07-03_09-29-54
718,2022-07-03_09-33-14
719,2022-07-03_09-36-34
720,2022-07-03_09-39-25
721,2022-07-03_09-39-54
722,2022-07-03_09-43-14
723,2022-07-03_09-46-34
724,2022-07-03_09-49-25
725,2022-07-03_09-49-54
726,2022-07-03_09-53-14
727,2022-07-03_09-56-34
728,2022-07-03_09-59-25
729,2022-07-03_10-10-47
730,2022-07-03_10-14-07
731,2022-07-03_10-17-27
732,2022-07-03_10-19-25
733,2022-07-03_10-19-55
734,2022-07-03_10-23-15
735,2022-07-03_10-26-35
736,2022-07-03_10-29-25
737,2022-07-03_10-29-55
738,2022-07-03_10-33-15
739,2022-07-03_10-36-35
740,2022-07-03_10-39-25
741,2022-07-03_10-39-55
742,2022-07-03_10-43-15
743,2022-07-03_10-46-35
744,2022-07-03_10-49-26
745,2022-07-03_10-49-55
746,2022-07-03_10-53-15
747,2022-07-03_10-56-35
748,2022-07-03_10-59-26
749,2022-07-03_11-10-56
750,2022-07-03_11-14-16
751,2022-07-03_11-17-36
752,2022-07-03_11-19-27
753,2022-07-03_11-19-55
754,2022-07-03_11-23-15
755,2022-07-03_11-26-35
756,2022-07-03_11-29-27
757,2022-07-03_11-29-55
758,2022-07-03_11-33-15
759,2022-07-03_11-36-35
760,2022-07-03_11-39-27
761,2022-07-03_11-39-55
762,2022-07-03_11-43-15
763,2022-07-03_11-46-35
764,2022-07-03_11-49-27
765,2022-07-03_11-49-55
766,2022-07-03_11-53-15
767,2022-07-03_11-56-35
768,2022-07-03_11-59-28
769,2022-07-03_12-11-07
770,2022-07-03_12-14-27
771,2022-07-03_12-17-47
772,2022-07-03_12-19-29
773,2022-07-03_12-19-55
774,2022-07-03_12-23-15
775,2022-07-03_12-26-35
776,2022-07-03_12-29-29
777,2022-07-03_12-29-55
778,2022-07-03_12-33-15
779,2022-07-03_12-36-35
780,2022-07-03_12-39-29
781,2022-07-03_12-39-55
782,2022-07-03_12-43-15
783,2022-07-03_12-46-35
784,2022-07-03_12-49-29
785,2022-07-03_12-49-55
786,2022-07-03_12-53-15
787,2022-07-03_12-56-35
788,2022-07-03_12-59-30
789,2022-07-03_13-11-18
790,2022-07-03_13-14-38
791,2022-07-03_13-17-58
792,2022-07-03_13-19-31
793,2022-07-03_13-19-55
794,2022-07-03_13-23-15
795,2022-07-03_13-26-35
796,2022-07-03_13-29-31
797,2022-07-03_13-29-55
798,2022-07-03_13-33-15
799,2022-07-03_13-36-35
800,2022-07-03_13-39-31
801,2022-07-03_13-39-55
802,2022-07-03_13-43-15
803,2022-07-03_13-46-35
804,2022-07-03_13-49-31
805,2022-07-03_13-49-55
806,2022-07-03_13-53-15
807,2022-07-03_13-56-35
808,2022-07-03_13-59-31
809,2022-07-03_14-11-27
810,2022-07-03_14-14-47
811,2022-07-03_14-18-07
812,2022-07-03_14-19-32
813,2022-07-03_14-19-56
814,2022-07-03_14-23-16
815,2022-07-03_14-26-36
816,2022-07-03_14-29-33
817,2022-07-03_14-29-56
818,2022-07-03_14-33-16
819,2022-07-03_14-36-36
820,2022-07-03_14-39-33
821,2022-07-03_14-39-56
822,2022-07-03_14-43-16
823,2022-07-03_14-46-36
824,2022-07-03_14-49-33
825,2022-07-03_14-49-56
826,2022-07-03_14-53-16
827,2022-07-03_14-56-36
828,2022-07-03_14-59-33
829,2022-07-03_15-11-38
830,2022-07-03_15-14-58
831,2022-07-03_15-18-18
832,2022-07-03_15-19-33
833,2022-07-03_15-19-56
834,2022-07-03_15-23-16
835,2022-07-03_15-26-36
836,2022-07-03_15-29-33
837,2022-07-03_15-29-56
838,2022-07-03_15-33-16
839,2022-07-03_15-36-36
840,2022-07-03_15-39-34
841,2022-07-03_15-39-56
842,2022-07-03_15-43-16
843,2022-07-03_15-46-36
844,2022-07-03_15-49-56
845,2022-07-03_15-53-16
846,2022-07-03_15-56-36
847,2022-07-03_15-59-33
848,2022-07-03_16-11-48
849,2022-07-03_16-15-08
850,2022-07-03_16-18-28
851,2022-07-03_16-19-35
852,2022-07-03_16-19-56
853,2022-07-03_16-23-16
854,2022-07-03_16-26-36
855,2022-07-03_16-29-35
856,2022-07-03_16-29-56
857,2022-07-03_16-33-16
858,2022-07-03_16-36-36
859,2022-07-03_16-39-35
860,2022-07-03_16-39-56
861,2022-07-03_16-43-16
862,2022-07-03_16-46-36
863,2022-07-03_16-49-35
864,2022-07-03_16-49-56
865,2022-07-03_16-53-16
866,2022-07-03_16-56-50
867,2022-07-03_16-59-35
868,2022-07-03_17-56-58
869,2022-07-03_17-59-34
870,2022-07-03_18-57-07
871,2022-07-03_18-59-36
872,2022-07-03_19-57-15
873,2022-07-03_19-59-36
874,2022-07-04_07-22-30
875,2022-07-04_07-25-50
876,2022-07-04_07-29-10
877,2022-07-04_07-30-00
878,2022-07-04_07-33-20
879,2022-07-04_07-36-40
880,2022-07-04_07-40-00
881,2022-07-04_07-43-20
882,2022-07-04_07-46-40
883,2022-07-04_07-50-00
884,2022-07-04_07-53-20
885,2022-07-04_07-56-40
886,2022-07-04_08-22-38
887,2022-07-04_08-25-58
888,2022-07-04_08-29-18
889,2022-07-04_08-30-00
890,2022-07-04_08-33-20
891,2022-07-04_08-36-40
892,2022-07-04_08-40-00
893,2022-07-04_08-43-20
894,2022-07-04_08-46-40
895,2022-07-04_08-50-00
896,2022-07-04_08-53-20
897,2022-07-04_08-56-40
898,2022-07-04_09-22-48
899,2022-07-04_09-26-08
900,2022-07-04_09-29-28
901,2022-07-04_09-30-00
902,2022-07-04_09-33-20
903,2022-07-04_09-36-40
904,2022-07-04_09-40-00
905,2022-07-04_09-43-20
906,2022-07-04_09-46-40
907,2022-07-04_09-50-00
908,2022-07-04_09-53-20
909,2022-07-04_09-56-40
910,2022-07-04_10-22-57
911,2022-07-04_10-26-17
912,2022-07-04_10-30-01
913,2022-07-04_10-33-21
914,2022-07-04_10-36-41
915,2022-07-04_10-40-01
916,2022-07-04_10-43-21
917,2022-07-04_10-46-41
918,2022-07-04_10-50-01
919,2022-07-04_10-53-21
920,2022-07-04_10-56-41
921,2022-07-04_11-23-07
922,2022-07-04_11-26-27
923,2022-07-04_11-30-01
924,2022-07-04_11-33-21
925,2022-07-04_11-36-41
926,2022-07-04_11-40-01
927,2022-07-04_11-43-21
928,2022-07-04_11-46-41
929,2022-07-04_11-50-01
930,2022-07-04_11-53-21
931,2022-07-04_11-56-41
932,2022-07-04_12-23-15
933,2022-07-04_12-26-35
934,2022-07-04_12-30-01
935,2022-07-04_12-33-21
936,2022-07-04_12-36-41
937,2022-07-04_12-40-01
938,2022-07-04_12-43-21
939,2022-07-04_12-46-41
940,2022-07-04_12-50-01
941,2022-07-04_12-53-21
942,2022-07-04_12-56-41
943,2022-07-04_13-23-23
944,2022-07-04_13-26-43
945,2022-07-04_13-30-01
946,2022-07-04_13-33-21
947,2022-07-04_13-36-41
948,2022-07-04_13-40-01
949,2022-07-04_13-43-21
950,2022-07-04_13-46-41
951,2022-07-04_13-50-01
952,2022-07-04_13-53-21
953,2022-07-04_13-56-41
954,2022-07-04_14-23-31
955,2022-07-04_14-26-51
956,2022-07-04_14-30-02
957,2022-07-04_14-33-22
958,2022-07-04_14-36-42
959,2022-07-04_14-40-02
960,2022-07-04_14-43-22
961,2022-07-04_14-46-42
962,2022-07-04_14-50-02
963,2022-07-04_14-53-22
964,2022-07-04_14-56-42
965,2022-07-04_15-23-42
966,2022-07-04_15-27-02
967,2022-07-04_15-30-02
968,2022-07-04_15-33-22
969,2022-07-04_15-36-42
970,2022-07-04_15-40-02
971,2022-07-04_15-43-22
972,2022-07-04_15-46-42
973,2022-07-04_16-23-49
974,2022-07-04_16-27-09
975,2022-07-04_16-30-02
976,2022-07-04_16-33-22
977,2022-07-04_16-36-42
978,2022-07-04_16-40-02
979,2022-07-04_16-43-22
980,2022-07-04_16-46-42
981,2022-07-04_16-50-02
982,2022-07-04_16-53-22
983,2022-07-04_16-56-42
984,2022-07-04_17-23-58
985,2022-07-04_17-27-18
986,2022-07-04_17-30-02
987,2022-07-04_17-33-22
988,2022-07-04_17-36-42
989,2022-07-04_17-40-03
990,2022-07-04_17-43-23
991,2022-07-04_17-46-43
992,2022-07-04_17-50-03
993,2022-07-04_17-53-23
994,2022-07-04_17-56-43
995,2022-07-04_18-24-06
996,2022-07-04_18-27-26
997,2022-07-04_18-30-03
998,2022-07-04_18-33-23
999,2022-07-04_18-36-43
1000,2022-07-04_18-40-03
1001,2022-07-04_18-43-23
1002,2022-07-04_18-46-43
1003,2022-07-04_19-24-16
1004,2022-07-04_19-27-36
1005,2022-07-04_19-30-03
1006,2022-07-04_19-33-23
1007,2022-07-04_19-36-43
1008,2022-07-04_19-40-03
1009,2022-07-04_19-43-23
1010,2022-07-04_19-46-43
1011,2022-07-05_07-14-01
1012,2022-07-05_07-17-21
1013,2022-07-05_07-20-13
1014,2022-07-05_07-23-33
1015,2022-07-05_07-26-53
1016,2022-07-05_07-30-13
1017,2022-07-05_07-33-33
1018,2022-07-05_07-36-53
1019,2022-07-05_07-40-13
1020,2022-07-05_07-43-33
1021,2022-07-05_07-46-53
1022,2022-07-05_08-14-11
1023,2022-07-05_08-17-31
1024,2022-07-05_08-20-14
1025,2022-07-05_08-23-34
1026,2022-07-05_08-26-54
1027,2022-07-05_08-30-15
1028,2022-07-05_08-33-35
1029,2022-07-05_08-36-55
1030,2022-07-05_08-40-16
1031,2022-07-05_08-43-36
1032,2022-07-05_08-46-56
1033,2022-07-05_09-14-21
1034,2022-07-05_09-17-41
1035,2022-07-05_09-20-16
1036,2022-07-05_09-23-36
1037,2022-07-05_09-26-56
1038,2022-07-05_09-30-16
1039,2022-07-05_09-33-36
1040,2022-07-05_09-36-56
1041,2022-07-05_09-40-16
1042,2022-07-05_09-43-36
1043,2022-07-05_09-46-56
1044,2022-07-05_10-14-29
1045,2022-07-05_10-16-21
1046,2022-07-05_10-19-41
1047,2022-07-05_10-20-17
1048,2022-07-05_10-23-37
1049,2022-07-05_10-27-15
1050,2022-07-05_10-30-17
1051,2022-07-05_10-33-37
1052,2022-07-05_10-36-57
1053,2022-07-05_10-40-17
1054,2022-07-05_10-43-37
1055,2022-07-05_10-46-57
1056,2022-07-05_11-27-23
1057,2022-07-05_11-30-17
1058,2022-07-05_11-33-37
1059,2022-07-05_11-36-57
1060,2022-07-05_11-40-17
1061,2022-07-05_11-43-37
1062,2022-07-05_11-46-57
1063,2022-07-05_12-27-31
1064,2022-07-05_12-30-17
1065,2022-07-05_12-33-37
1066,2022-07-05_12-36-57
1067,2022-07-05_12-40-17
1068,2022-07-05_12-43-37
1069,2022-07-05_12-46-57
1070,2022-07-05_13-27-39
1071,2022-07-05_13-30-17
1072,2022-07-05_13-33-37
1073,2022-07-05_13-36-57
1074,2022-07-05_13-40-17
1075,2022-07-05_13-43-37
1076,2022-07-05_13-46-57
1077,2022-07-05_14-27-49
1078,2022-07-05_14-30-18
1079,2022-07-05_14-33-38
1080,2022-07-05_14-36-58
1081,2022-07-05_14-40-18
1082,2022-07-05_14-43-38
1083,2022-07-05_14-46-58
1084,2022-07-05_15-27-57
1085,2022-07-05_15-30-18
1086,2022-07-05_15-33-38
1087,2022-07-05_15-36-58
1088,2022-07-05_15-40-18
1089,2022-07-05_15-43-38
1090,2022-07-05_15-46-58
1091,2022-07-05_16-28-07
1092,2022-07-05_16-30-19
1093,2022-07-05_16-33-39
1094,2022-07-05_16-36-59
1095,2022-07-05_16-40-20
1096,2022-07-05_16-43-40
1097,2022-07-05_16-47-00
1098,2022-07-05_17-28-17
1099,2022-07-05_17-30-23
1100,2022-07-05_17-33-43
1101,2022-07-05_17-37-03
1102,2022-07-05_17-40-23
1103,2022-07-05_17-43-43
1104,2022-07-05_17-47-03
1105,2022-07-05_18-28-25
1106,2022-07-05_18-30-24
1107,2022-07-05_18-33-44
1108,2022-07-05_18-37-04
1109,2022-07-05_18-40-24
1110,2022-07-05_18-43-44
1111,2022-07-05_18-47-04
1112,2022-07-05_19-28-35
1113,2022-07-05_19-30-27
1114,2022-07-05_19-33-47
1115,2022-07-05_19-37-07
1116,2022-07-05_19-40-27
1117,2022-07-05_19-43-47
1118,2022-07-05_19-47-07
1119,2022-07-06_07-30-35
1120,2022-07-06_07-33-55
1121,2022-07-06_07-37-15
1122,2022-07-06_07-40-13
1123,2022-07-06_07-40-35
1124,2022-07-06_07-43-55
1125,2022-07-06_07-47-15
1126,2022-07-06_07-50-13
1127,2022-07-06_08-30-30
1128,2022-07-06_08-33-50
1129,2022-07-06_08-37-10
1130,2022-07-06_08-40-13
1131,2022-07-06_08-40-34
1132,2022-07-06_08-43-54
1133,2022-07-06_08-47-14
1134,2022-07-06_08-50-13
1135,2022-07-06_09-22-37
1136,2022-07-06_09-25-57
1137,2022-07-06_09-29-17
1138,2022-07-06_09-30-13
1139,2022-07-06_09-30-35
1140,2022-07-06_09-33-55
1141,2022-07-06_09-37-15
1142,2022-07-06_09-40-13
1143,2022-07-06_09-40-35
1144,2022-07-06_09-43-55
1145,2022-07-06_09-47-15
1146,2022-07-06_09-50-13
1147,2022-07-06_10-22-46
1148,2022-07-06_10-26-06
1149,2022-07-06_10-29-26
1150,2022-07-06_10-30-13
1151,2022-07-06_10-30-36
1152,2022-07-06_10-33-56
1153,2022-07-06_10-37-16
1154,2022-07-06_10-40-13
1155,2022-07-06_10-40-37
1156,2022-07-06_10-43-57
1157,2022-07-06_10-47-17
1158,2022-07-06_10-50-14
1159,2022-07-06_11-22-55
1160,2022-07-06_11-26-15
1161,2022-07-06_11-29-35
1162,2022-07-06_11-30-14
1163,2022-07-06_11-30-39
1164,2022-07-06_11-33-59
1165,2022-07-06_11-37-19
1166,2022-07-06_11-40-14
1167,2022-07-06_11-43-34
1168,2022-07-06_11-46-54
1169,2022-07-06_11-50-14
1170,2022-07-06_12-23-03
1171,2022-07-06_12-26-23
1172,2022-07-06_12-29-43
1173,2022-07-06_12-30-14
1174,2022-07-06_12-30-38
1175,2022-07-06_12-33-58
1176,2022-07-06_12-37-18
1177,2022-07-06_12-40-14
1178,2022-07-06_12-40-40
1179,2022-07-06_12-44-00
1180,2022-07-06_12-47-20
1181,2022-07-06_12-50-14
1182,2022-07-06_13-23-14
1183,2022-07-06_13-26-34
1184,2022-07-06_13-29-54
1185,2022-07-06_13-30-14
1186,2022-07-06_13-30-40
1187,2022-07-06_13-34-00
1188,2022-07-06_13-37-20
1189,2022-07-06_13-40-14
1190,2022-07-06_13-40-40
1191,2022-07-06_13-44-00
1192,2022-07-06_13-47-20
1193,2022-07-06_13-50-14
1194,2022-07-06_14-23-24
1195,2022-07-06_14-26-44
1196,2022-07-06_14-30-15
1197,2022-07-06_14-30-41
1198,2022-07-06_14-34-01
1199,2022-07-06_14-37-21
1200,2022-07-06_14-40-15
1201,2022-07-06_14-40-43
1202,2022-07-06_14-44-03
1203,2022-07-06_14-47-23
1204,2022-07-06_15-23-34
1205,2022-07-06_15-26-54
1206,2022-07-06_15-30-15
1207,2022-07-06_15-30-43
1208,2022-07-06_15-34-03
1209,2022-07-06_15-37-23
1210,2022-07-06_15-40-15
1211,2022-07-06_15-40-43
1212,2022-07-06_15-44-03
1213,2022-07-06_15-47-23
1214,2022-07-06_15-50-15
1215,2022-07-06_16-23-42
1216,2022-07-06_16-27-02
1217,2022-07-06_16-30-15
1218,2022-07-06_16-30-44
1219,2022-07-06_16-34-04
1220,2022-07-06_16-37-24
1221,2022-07-06_16-40-15
1222,2022-07-06_16-40-44
1223,2022-07-06_16-44-04
1224,2022-07-06_16-47-24
1225,2022-07-06_16-50-15
1226,2022-07-06_17-23-50
1227,2022-07-06_17-27-10
1228,2022-07-06_17-30-15
1229,2022-07-06_17-30-43
1230,2022-07-06_17-34-03
1231,2022-07-06_17-37-23
1232,2022-07-06_17-40-15
1233,2022-07-06_17-40-43
1234,2022-07-06_17-44-03
1235,2022-07-06_17-47-23
1236,2022-07-06_17-50-15
1237,2022-07-06_18-23-59
1238,2022-07-06_18-27-19
1239,2022-07-06_18-30-16
1240,2022-07-06_18-33-36
1241,2022-07-06_18-36-56
1242,2022-07-06_18-40-16
1243,2022-07-06_18-40-43
1244,2022-07-06_18-44-03
1245,2022-07-06_18-47-23
1246,2022-07-06_18-50-16
1247,2022-07-06_19-24-07
1248,2022-07-06_19-27-27
1249,2022-07-06_19-30-16
1250,2022-07-06_19-30-43
1251,2022-07-06_19-34-03
1252,2022-07-06_19-37-23
1253,2022-07-06_19-40-16
1254,2022-07-06_19-40-43
1255,2022-07-06_19-44-03
1256,2022-07-06_19-47-23
1257,2022-07-06_19-50-16
1258,2022-07-07_07-25-54
1259,2022-07-07_07-29-14
1260,2022-07-07_07-30-19
1261,2022-07-07_07-30-51
1262,2022-07-07_07-34-11
1263,2022-07-07_07-37-31
1264,2022-07-07_07-40-19
1265,2022-07-07_07-40-51
1266,2022-07-07_07-44-11
1267,2022-07-07_07-47-31
1268,2022-07-07_07-50-19
1269,2022-07-07_08-26-02
1270,2022-07-07_08-29-22
1271,2022-07-07_08-30-19
1272,2022-07-07_08-30-51
1273,2022-07-07_08-34-11
1274,2022-07-07_08-37-31
1275,2022-07-07_08-40-19
1276,2022-07-07_08-40-53
1277,2022-07-07_08-44-13
1278,2022-07-07_08-47-33
1279,2022-07-07_09-26-12
1280,2022-07-07_09-29-32
1281,2022-07-07_09-30-19
1282,2022-07-07_09-30-52
1283,2022-07-07_09-34-12
1284,2022-07-07_09-37-32
1285,2022-07-07_09-40-19
1286,2022-07-07_09-40-52
1287,2022-07-07_09-44-12
1288,2022-07-07_09-47-32
1289,2022-07-07_09-50-20
1290,2022-07-07_10-26-21
1291,2022-07-07_10-29-41
1292,2022-07-07_10-30-20
1293,2022-07-07_10-30-53
1294,2022-07-07_10-34-13
1295,2022-07-07_10-37-33
1296,2022-07-07_10-40-20
1297,2022-07-07_10-40-53
1298,2022-07-07_10-44-13
1299,2022-07-07_10-47-33
1300,2022-07-07_10-50-20
1301,2022-07-07_11-26-29
1302,2022-07-07_11-29-49
1303,2022-07-07_11-30-20
1304,2022-07-07_11-30-53
1305,2022-07-07_11-34-13
1306,2022-07-07_11-37-33
1307,2022-07-07_11-40-20
1308,2022-07-07_11-40-53
1309,2022-07-07_11-44-13
1310,2022-07-07_11-47-33
1311,2022-07-07_11-50-20
1312,2022-07-07_12-26-38
1313,2022-07-07_12-29-58
1314,2022-07-07_12-30-20
1315,2022-07-07_12-30-54
1316,2022-07-07_12-34-14
1317,2022-07-07_12-37-34
1318,2022-07-07_12-40-20
1319,2022-07-07_12-40-54
1320,2022-07-07_12-44-14
1321,2022-07-07_12-47-34
1322,2022-07-07_12-50-20
1323,2022-07-07_13-26-47
1324,2022-07-07_13-30-21
1325,2022-07-07_13-30-55
1326,2022-07-07_13-34-15
1327,2022-07-07_13-37-35
1328,2022-07-07_13-40-21
1329,2022-07-07_13-40-55
1330,2022-07-07_13-44-15
1331,2022-07-07_13-47-35
1332,2022-07-07_13-50-21
1333,2022-07-07_14-26-55
1334,2022-07-07_14-30-21
1335,2022-07-07_14-30-54
1336,2022-07-07_14-34-14
1337,2022-07-07_14-37-34
1338,2022-07-07_14-40-21
1339,2022-07-07_14-40-54
1340,2022-07-07_14-44-14
1341,2022-07-07_14-47-34
1342,2022-07-07_14-50-21
1343,2022-07-07_15-27-03
1344,2022-07-07_15-30-21
1345,2022-07-07_15-30-54
1346,2022-07-07_15-34-14
1347,2022-07-07_15-37-34
1348,2022-07-07_15-40-21
1349,2022-07-07_15-40-54
1350,2022-07-07_15-44-14
1351,2022-07-07_15-47-34
1352,2022-07-07_16-27-12
1353,2022-07-07_16-30-21
1354,2022-07-07_16-30-54
1355,2022-07-07_16-34-14
1356,2022-07-07_16-37-34
1357,2022-07-07_16-40-21
1358,2022-07-07_16-40-54
1359,2022-07-07_16-44-14
1360,2022-07-07_16-47-34
1361,2022-07-07_16-50-21
1362,2022-07-07_17-27-20
1363,2022-07-07_17-30-22
1364,2022-07-07_17-30-54
1365,2022-07-07_17-34-14
1366,2022-07-07_17-37-34
1367,2022-07-07_17-40-22
1368,2022-07-07_17-40-55
1369,2022-07-07_17-44-15
1370,2022-07-07_17-47-35
1371,2022-07-07_17-50-22
1372,2022-07-07_18-27-29
1373,2022-07-07_18-30-22
1374,2022-07-07_18-30-54
1375,2022-07-07_18-34-14
1376,2022-07-07_18-37-34
1377,2022-07-07_18-40-22
1378,2022-07-07_18-40-54
1379,2022-07-07_18-44-14
1380,2022-07-07_18-47-34
1381,2022-07-07_18-50-22
1382,2022-07-07_19-27-40
1383,2022-07-07_19-30-22
1384,2022-07-07_19-30-56
1385,2022-07-07_19-34-16
1386,2022-07-07_19-37-36
1387,2022-07-07_19-40-22
1388,2022-07-07_19-40-56
1389,2022-07-07_19-44-16
1390,2022-07-07_19-47-36
1391,2022-07-07_19-50-22
1392,2022-07-08_07-29-32
1393,2022-07-08_07-30-25
1394,2022-07-08_07-31-03
1395,2022-07-08_07-34-23
1396,2022-07-08_07-37-43
1397,2022-07-08_07-40-25
1398,2022-07-08_07-41-03
1399,2022-07-08_07-44-23
1400,2022-07-08_07-47-43
1401,2022-07-08_07-50-25
1402,2022-07-08_08-29-41
1403,2022-07-08_08-30-25
1404,2022-07-08_08-33-45
1405,2022-07-08_08-37-05
1406,2022-07-08_08-40-25
1407,2022-07-08_08-41-03
1408,2022-07-08_08-44-23
1409,2022-07-08_08-47-43
1410,2022-07-08_08-50-26
1411,2022-07-08_09-29-52
1412,2022-07-08_09-30-26
1413,2022-07-08_09-31-05
1414,2022-07-08_09-34-25
1415,2022-07-08_09-37-45
1416,2022-07-08_09-40-26
1417,2022-07-08_09-41-05
1418,2022-07-08_09-44-25
1419,2022-07-08_09-47-45
1420,2022-07-08_09-50-26
1421,2022-07-08_10-30-00
1422,2022-07-08_10-30-26
1423,2022-07-08_10-31-05
1424,2022-07-08_10-34-25
1425,2022-07-08_10-37-45
1426,2022-07-08_10-40-26
1427,2022-07-08_10-43-46
1428,2022-07-08_10-47-06
1429,2022-07-08_10-50-26
1430,2022-07-08_11-30-26
1431,2022-07-08_11-31-05
1432,2022-07-08_11-34-25
1433,2022-07-08_11-37-45
1434,2022-07-08_11-40-26
1435,2022-07-08_11-41-05
1436,2022-07-08_11-44-25
1437,2022-07-08_11-47-45
1438,2022-07-08_11-50-26
1439,2022-07-08_12-30-26
1440,2022-07-08_12-31-06
1441,2022-07-08_12-34-26
1442,2022-07-08_12-37-46
1443,2022-07-08_12-40-27
1444,2022-07-08_12-41-06
1445,2022-07-08_12-44-26
1446,2022-07-08_12-47-46
1447,2022-07-08_12-50-27
1448,2022-07-08_13-30-28
1449,2022-07-08_13-31-07
1450,2022-07-08_13-34-27
1451,2022-07-08_13-37-47
1452,2022-07-08_13-40-27
1453,2022-07-08_13-41-07
1454,2022-07-08_13-44-27
1455,2022-07-08_13-47-47
1456,2022-07-08_14-30-37
1457,2022-07-08_14-31-07
1458,2022-07-08_14-34-27
1459,2022-07-08_14-37-47
1460,2022-07-08_14-40-27
1461,2022-07-08_14-41-07
1462,2022-07-08_14-44-27
1463,2022-07-08_14-47-47
1464,2022-07-08_14-50-27
1465,2022-07-08_15-30-46
1466,2022-07-08_15-31-08
1467,2022-07-08_15-34-28
1468,2022-07-08_15-37-48
1469,2022-07-08_15-40-27
1470,2022-07-08_15-41-08
1471,2022-07-08_15-44-28
1472,2022-07-08_15-47-48
1473,2022-07-08_15-50-27
1474,2022-07-08_16-31-11
1475,2022-07-08_16-34-31
1476,2022-07-08_16-37-51
1477,2022-07-08_16-40-27
1478,2022-07-08_16-43-47
1479,2022-07-08_16-47-07
1480,2022-07-08_16-50-28
1481,2022-07-08_17-31-10
1482,2022-07-08_17-34-30
1483,2022-07-08_17-37-50
1484,2022-07-08_17-40-28
1485,2022-07-08_17-41-11
1486,2022-07-08_17-44-31
1487,2022-07-08_17-47-51
1488,2022-07-08_17-50-28
1489,2022-07-08_18-31-14
1490,2022-07-08_18-34-34
1491,2022-07-08_18-37-54
1492,2022-07-08_18-40-28
1493,2022-07-08_18-41-12
1494,2022-07-08_18-44-32
1495,2022-07-08_18-47-52
1496,2022-07-08_18-50-28
1497,2022-07-08_19-31-24
1498,2022-07-08_19-34-44
1499,2022-07-08_19-38-04
1500,2022-07-08_19-40-28
1501,2022-07-08_19-41-11
1502,2022-07-08_19-44-31
1503,2022-07-08_19-47-51
1504,2022-07-08_19-50-28
1505,2022-07-09_07-33-11
1506,2022-07-09_07-36-31
1507,2022-07-09_07-39-51
1508,2022-07-09_07-40-31
1509,2022-07-09_07-41-13
1510,2022-07-09_07-44-33
1511,2022-07-09_07-47-53
1512,2022-07-09_07-50-31
1513,2022-07-09_08-33-23
1514,2022-07-09_08-36-43
1515,2022-07-09_08-40-03
1516,2022-07-09_08-40-31
1517,2022-07-09_08-41-17
1518,2022-07-09_08-44-37
1519,2022-07-09_08-47-57
1520,2022-07-09_08-50-31
1521,2022-07-09_09-33-31
1522,2022-07-09_09-36-51
1523,2022-07-09_09-40-11
1524,2022-07-09_09-40-32
1525,2022-07-09_09-41-17
1526,2022-07-09_09-44-37
1527,2022-07-09_09-47-57
1528,2022-07-09_09-50-32
1529,2022-07-09_10-02-01
1530,2022-07-09_10-05-21
1531,2022-07-09_10-08-41
1532,2022-07-09_10-10-32
1533,2022-07-09_10-11-17
1534,2022-07-09_10-14-37
1535,2022-07-09_10-17-57
1536,2022-07-09_10-20-32
1537,2022-07-09_10-21-17
1538,2022-07-09_10-24-37
1539,2022-07-09_10-27-57
1540,2022-07-09_10-30-32
1541,2022-07-09_10-31-17
1542,2022-07-09_10-34-37
1543,2022-07-09_10-37-57
1544,2022-07-09_10-40-32
1545,2022-07-09_10-41-17
1546,2022-07-09_10-44-37
1547,2022-07-09_10-47-57
1548,2022-07-09_10-50-32
1549,2022-07-09_11-02-09
1550,2022-07-09_11-05-29
1551,2022-07-09_11-08-49
1552,2022-07-09_11-10-32
1553,2022-07-09_11-11-17
1554,2022-07-09_11-14-37
1555,2022-07-09_11-17-57
1556,2022-07-09_11-20-32
1557,2022-07-09_11-23-52
1558,2022-07-09_11-27-12
1559,2022-07-09_11-30-32
1560,2022-07-09_11-31-16
1561,2022-07-09_11-34-36
1562,2022-07-09_11-37-56
1563,2022-07-09_11-40-32
1564,2022-07-09_11-41-16
1565,2022-07-09_11-44-36
1566,2022-07-09_11-47-56
1567,2022-07-09_11-50-32
1568,2022-07-09_12-02-17
1569,2022-07-09_12-05-37
1570,2022-07-09_12-08-57
1571,2022-07-09_12-10-32
1572,2022-07-09_12-11-16
1573,2022-07-09_12-14-36
1574,2022-07-09_12-17-56
1575,2022-07-09_12-20-32
1576,2022-07-09_12-21-16
1577,2022-07-09_12-24-36
1578,2022-07-09_12-27-56
1579,2022-07-09_12-30-32
1580,2022-07-09_12-31-17
1581,2022-07-09_12-34-37
1582,2022-07-09_12-37-57
1583,2022-07-09_12-40-32
1584,2022-07-09_12-41-17
1585,2022-07-09_12-44-37
1586,2022-07-09_12-47-57
1587,2022-07-09_12-50-32
1588,2022-07-09_13-02-27
1589,2022-07-09_13-05-47
1590,2022-07-09_13-09-07
1591,2022-07-09_13-10-32
1592,2022-07-09_13-11-17
1593,2022-07-09_13-14-37
1594,2022-07-09_13-17-57
1595,2022-07-09_13-20-33
1596,2022-07-09_13-21-19
1597,2022-07-09_13-24-39
1598,2022-07-09_13-27-59
1599,2022-07-09_13-30-33
1600,2022-07-09_13-31-20
1601,2022-07-09_13-34-40
1602,2022-07-09_13-38-00
1603,2022-07-09_13-40-33
1604,2022-07-09_13-41-20
1605,2022-07-09_13-44-40
1606,2022-07-09_13-48-00
1607,2022-07-09_13-50-33
1608,2022-07-09_14-02-39
1609,2022-07-09_14-05-59
1610,2022-07-09_14-09-19
1611,2022-07-09_14-10-33
1612,2022-07-09_14-11-20
1613,2022-07-09_14-14-40
1614,2022-07-09_14-18-00
1615,2022-07-09_14-20-33
1616,2022-07-09_14-23-53
1617,2022-07-09_14-27-13
1618,2022-07-09_14-30-33
1619,2022-07-09_14-31-19
1620,2022-07-09_14-34-39
1621,2022-07-09_14-37-59
1622,2022-07-09_14-40-33
1623,2022-07-09_14-41-20
1624,2022-07-09_14-44-40
1625,2022-07-09_14-48-00
1626,2022-07-09_14-50-33
1627,2022-07-09_15-02-48
1628,2022-07-09_15-06-08
1629,2022-07-09_15-09-28
1630,2022-07-09_15-10-33
1631,2022-07-09_15-11-20
1632,2022-07-09_15-14-40
1633,2022-07-09_15-18-00
1634,2022-07-09_15-20-33
1635,2022-07-09_15-21-22
1636,2022-07-09_15-24-42
1637,2022-07-09_15-28-02
1638,2022-07-09_15-30-33
1639,2022-07-09_15-31-22
1640,2022-07-09_15-34-42
1641,2022-07-09_15-38-02
1642,2022-07-09_15-40-33
1643,2022-07-09_15-41-22
1644,2022-07-09_15-44-42
1645,2022-07-09_15-48-02
1646,2022-07-09_15-50-33
1647,2022-07-09_16-02-59
1648,2022-07-09_16-06-19
1649,2022-07-09_16-09-39
1650,2022-07-09_16-10-33
1651,2022-07-09_16-11-23
1652,2022-07-09_16-14-43
1653,2022-07-09_16-18-03
1654,2022-07-09_16-20-33
1655,2022-07-09_16-23-53
1656,2022-07-09_16-27-13
1657,2022-07-09_16-30-33
1658,2022-07-09_16-31-22
1659,2022-07-09_16-34-42
1660,2022-07-09_16-38-02
1661,2022-07-09_16-40-33
1662,2022-07-09_16-41-22
1663,2022-07-09_16-44-42
1664,2022-07-09_16-48-02
1665,2022-07-09_16-50-33
1666,2022-07-09_17-03-07
1667,2022-07-09_17-06-27
1668,2022-07-09_17-09-47
1669,2022-07-09_17-10-33
1670,2022-07-09_17-11-22
1671,2022-07-09_17-14-42
1672,2022-07-09_17-18-02
1673,2022-07-09_17-20-33
1674,2022-07-09_17-21-24
1675,2022-07-09_17-24-44
1676,2022-07-09_17-28-04
1677,2022-07-09_17-30-33
1678,2022-07-09_17-31-24
1679,2022-07-09_17-34-44
1680,2022-07-09_17-38-04
1681,2022-07-09_17-40-33
1682,2022-07-09_17-43-53
1683,2022-07-09_17-47-13
1684,2022-07-09_17-50-34
1685,2022-07-09_18-03-15
1686,2022-07-09_18-06-35
1687,2022-07-09_18-09-55
1688,2022-07-09_18-10-34
1689,2022-07-09_18-11-23
1690,2022-07-09_18-14-43
1691,2022-07-09_18-18-03
1692,2022-07-09_18-20-34
1693,2022-07-09_18-21-23
1694,2022-07-09_18-24-43
1695,2022-07-09_18-28-03
1696,2022-07-09_18-30-34
1697,2022-07-09_18-31-23
1698,2022-07-09_18-34-43
1699,2022-07-09_18-38-03
1700,2022-07-09_18-40-34
1701,2022-07-09_18-41-24
1702,2022-07-09_18-44-44
1703,2022-07-09_18-48-04
1704,2022-07-09_18-50-34
1705,2022-07-09_19-03-24
1706,2022-07-09_19-06-44
1707,2022-07-09_19-10-04
1708,2022-07-09_19-10-34
1709,2022-07-09_19-11-24
1710,2022-07-09_19-14-44
1711,2022-07-09_19-18-04
1712,2022-07-09_19-20-34
1713,2022-07-09_19-21-25
1714,2022-07-09_19-24-45
1715,2022-07-09_19-28-05
1716,2022-07-09_19-30-34
1717,2022-07-09_19-31-25
1718,2022-07-09_19-34-45
1719,2022-07-09_19-38-05
1720,2022-07-09_19-40-34
1721,2022-07-09_19-41-25
1722,2022-07-09_19-44-45
1723,2022-07-09_19-48-05
1724,2022-07-09_19-50-34
1725,2022-07-10_07-05-16
1726,2022-07-10_07-08-36
1727,2022-07-10_07-10-37
1728,2022-07-10_07-11-29
1729,2022-07-10_07-14-49
1730,2022-07-10_07-18-09
1731,2022-07-10_07-20-37
1732,2022-07-10_07-23-57
1733,2022-07-10_07-27-17
1734,2022-07-10_07-30-37
1735,2022-07-10_07-31-30
1736,2022-07-10_07-34-50
1737,2022-07-10_07-38-10
1738,2022-07-10_07-40-37
1739,2022-07-10_07-41-30
1740,2022-07-10_07-44-50
1741,2022-07-10_07-48-10
1742,2022-07-10_07-50-37
1743,2022-07-10_08-05-25
1744,2022-07-10_08-08-45
1745,2022-07-10_08-10-37
1746,2022-07-10_08-11-30
1747,2022-07-10_08-14-50
1748,2022-07-10_08-18-10
1749,2022-07-10_08-20-37
1750,2022-07-10_08-21-30
1751,2022-07-10_08-24-50
1752,2022-07-10_08-28-10
1753,2022-07-10_08-30-37
1754,2022-07-10_08-31-30
1755,2022-07-10_08-34-50
1756,2022-07-10_08-38-10
1757,2022-07-10_08-40-37
1758,2022-07-10_08-41-30
1759,2022-07-10_08-44-50
1760,2022-07-10_08-48-10
1761,2022-07-10_08-50-37
1762,2022-07-10_09-05-33
1763,2022-07-10_09-08-53
1764,2022-07-10_09-10-38
1765,2022-07-10_09-11-30
1766,2022-07-10_09-14-50
1767,2022-07-10_09-18-10
1768,2022-07-10_09-20-38
1769,2022-07-10_09-21-30
1770,2022-07-10_09-24-50
1771,2022-07-10_09-28-10
1772,2022-07-10_09-30-38
1773,2022-07-10_09-31-30
1774,2022-07-10_09-34-50
1775,2022-07-10_09-38-10
1776,2022-07-10_09-40-38
1777,2022-07-10_09-41-30
1778,2022-07-10_09-44-50
1779,2022-07-10_09-48-10
1780,2022-07-10_09-50-38
1781,2022-07-10_10-05-42
1782,2022-07-10_10-09-02
1783,2022-07-10_10-10-38
1784,2022-07-10_10-11-30
1785,2022-07-10_10-14-50
1786,2022-07-10_10-18-10
1787,2022-07-10_10-20-38
1788,2022-07-10_10-21-30
1789,2022-07-10_10-24-50
1790,2022-07-10_10-28-10
1791,2022-07-10_10-30-38
1792,2022-07-10_10-31-33
1793,2022-07-10_10-34-53
1794,2022-07-10_10-38-13
1795,2022-07-10_10-40-38
1796,2022-07-10_10-41-33
1797,2022-07-10_10-44-53
1798,2022-07-10_10-48-13
1799,2022-07-10_10-50-38
1800,2022-07-10_11-05-54
1801,2022-07-10_11-09-14
1802,2022-07-10_11-10-38
1803,2022-07-10_11-11-36
1804,2022-07-10_11-14-56
1805,2022-07-10_11-18-16
1806,2022-07-10_11-20-38
1807,2022-07-10_11-21-36
1808,2022-07-10_11-24-56
1809,2022-07-10_11-28-16
1810,2022-07-10_11-30-38
1811,2022-07-10_11-31-36
1812,2022-07-10_11-34-56
1813,2022-07-10_11-38-16
1814,2022-07-10_11-40-38
1815,2022-07-10_11-41-37
1816,2022-07-10_11-44-57
1817,2022-07-10_11-48-17
1818,2022-07-10_11-50-38
1819,2022-07-10_12-06-05
1820,2022-07-10_12-09-25
1821,2022-07-10_12-10-38
1822,2022-07-10_12-11-38
1823,2022-07-10_12-14-58
1824,2022-07-10_12-18-18
1825,2022-07-10_12-20-38
1826,2022-07-10_12-21-38
1827,2022-07-10_12-24-58
1828,2022-07-10_12-28-18
1829,2022-07-10_12-30-38
1830,2022-07-10_12-31-38
1831,2022-07-10_12-34-58
1832,2022-07-10_12-38-18
1833,2022-07-10_12-40-39
1834,2022-07-10_12-41-38
1835,2022-07-10_12-44-58
1836,2022-07-10_12-48-18
1837,2022-07-10_12-50-39
1838,2022-07-10_13-06-14
1839,2022-07-10_13-09-34
1840,2022-07-10_13-10-39
1841,2022-07-10_13-11-39
1842,2022-07-10_13-14-59
1843,2022-07-10_13-18-19
1844,2022-07-10_13-20-39
1845,2022-07-10_13-21-39
1846,2022-07-10_13-24-59
1847,2022-07-10_13-28-19
1848,2022-07-10_13-30-39
1849,2022-07-10_13-31-39
1850,2022-07-10_13-34-59
1851,2022-07-10_13-38-19
1852,2022-07-10_13-40-39
1853,2022-07-10_13-41-39
1854,2022-07-10_13-44-59
1855,2022-07-10_13-48-19
1856,2022-07-10_13-50-39
1857,2022-07-10_14-06-23
1858,2022-07-10_14-09-43
1859,2022-07-10_14-10-39
1860,2022-07-10_14-11-39
1861,2022-07-10_14-14-59
1862,2022-07-10_14-18-19
1863,2022-07-10_14-20-39
1864,2022-07-10_14-21-39
1865,2022-07-10_14-24-59
1866,2022-07-10_14-28-19
1867,2022-07-10_14-30-39
1868,2022-07-10_14-31-39
1869,2022-07-10_14-34-59
1870,2022-07-10_14-38-19
1871,2022-07-10_14-40-39
1872,2022-07-10_14-41-39
1873,2022-07-10_14-44-59
1874,2022-07-10_14-48-19
1875,2022-07-10_14-50-39
1876,2022-07-10_15-06-32
1877,2022-07-10_15-09-52
1878,2022-07-10_15-10-39
1879,2022-07-10_15-11-41
1880,2022-07-10_15-15-01
1881,2022-07-10_15-18-21
1882,2022-07-10_15-20-39
1883,2022-07-10_15-21-41
1884,2022-07-10_15-25-01
1885,2022-07-10_15-28-21
1886,2022-07-10_15-30-39
1887,2022-07-10_15-31-41
1888,2022-07-10_15-35-01
1889,2022-07-10_15-38-21
1890,2022-07-10_15-40-39
1891,2022-07-10_15-41-41
1892,2022-07-10_15-45-01
1893,2022-07-10_15-48-21
1894,2022-07-10_15-50-39
1895,2022-07-10_16-06-41
1896,2022-07-10_16-10-01
1897,2022-07-10_16-10-39
1898,2022-07-10_16-11-42
1899,2022-07-10_16-15-02
1900,2022-07-10_16-18-22
1901,2022-07-10_16-20-39
1902,2022-07-10_16-21-42
1903,2022-07-10_16-25-02
1904,2022-07-10_16-28-22
1905,2022-07-10_16-30-40
1906,2022-07-10_16-31-42
1907,2022-07-10_16-35-02
1908,2022-07-10_16-38-22
1909,2022-07-10_16-40-40
1910,2022-07-10_16-41-42
1911,2022-07-10_16-45-02
1912,2022-07-10_16-48-22
1913,2022-07-10_16-50-40
1914,2022-07-10_17-06-49
1915,2022-07-10_17-10-09
1916,2022-07-10_17-10-40
1917,2022-07-10_17-11-42
1918,2022-07-10_17-15-02
1919,2022-07-10_17-18-22
1920,2022-07-10_17-20-40
1921,2022-07-10_17-21-42
1922,2022-07-10_17-25-02
1923,2022-07-10_17-28-22
1924,2022-07-10_17-30-40
1925,2022-07-10_17-31-42
1926,2022-07-10_17-35-02
1927,2022-07-10_17-38-22
1928,2022-07-10_17-40-40
1929,2022-07-10_17-41-42
1930,2022-07-10_17-45-02
1931,2022-07-10_17-48-22
1932,2022-07-10_17-50-40
1933,2022-07-10_18-06-58
1934,2022-07-10_18-10-18
1935,2022-07-10_18-10-40
1936,2022-07-10_18-11-43
1937,2022-07-10_18-15-03
1938,2022-07-10_18-18-23
1939,2022-07-10_18-20-40
1940,2022-07-10_18-21-43
1941,2022-07-10_18-25-03
1942,2022-07-10_18-28-23
1943,2022-07-10_18-30-40
1944,2022-07-10_18-31-43
1945,2022-07-10_18-35-03
1946,2022-07-10_18-38-23
1947,2022-07-10_18-40-40
1948,2022-07-10_18-41-44
1949,2022-07-10_18-45-04
1950,2022-07-10_18-48-24
1951,2022-07-10_18-50-40
1952,2022-07-10_19-07-08
1953,2022-07-10_19-10-40
1954,2022-07-10_19-11-44
1955,2022-07-10_19-15-04
1956,2022-07-10_19-18-24
1957,2022-07-10_19-20-40
1958,2022-07-10_19-21-44
1959,2022-07-10_19-25-04
1960,2022-07-10_19-28-24
1961,2022-07-10_19-30-40
1962,2022-07-10_19-31-44
1963,2022-07-10_19-35-04
1964,2022-07-10_19-38-24
1965,2022-07-10_19-40-40
1966,2022-07-10_19-41-45
1967,2022-07-10_19-45-05
1968,2022-07-10_19-48-25
1969,2022-07-10_19-50-40
1970,2022-07-11_07-08-52
1971,2022-07-11_07-10-44
1972,2022-07-11_07-11-53
1973,2022-07-11_07-15-13
1974,2022-07-11_07-18-33
1975,2022-07-11_07-20-44
1976,2022-07-11_07-21-53
1977,2022-07-11_07-25-13
1978,2022-07-11_07-28-33
1979,2022-07-11_07-30-44
1980,2022-07-11_07-31-53
1981,2022-07-11_07-35-13
1982,2022-07-11_07-38-33
1983,2022-07-11_07-40-44
1984,2022-07-11_07-41-53
1985,2022-07-11_07-44-31
1986,2022-07-11_07-47-51
1987,2022-07-11_07-50-44
1988,2022-07-11_08-44-39
1989,2022-07-11_08-47-59
1990,2022-07-11_08-50-44
1991,2022-07-11_09-44-47
1992,2022-07-11_09-48-07
1993,2022-07-11_09-50-44
1994,2022-07-11_10-44-56
1995,2022-07-11_10-48-16
1996,2022-07-11_10-50-45
1997,2022-07-11_11-45-04
1998,2022-07-11_11-48-24
1999,2022-07-11_11-50-45
2000,2022-07-11_12-45-12
2001,2022-07-11_12-48-32
2002,2022-07-11_12-50-45
2003,2022-07-11_13-45-20
2004,2022-07-11_13-48-40
2005,2022-07-11_13-50-45
2006,2022-07-11_14-45-28
2007,2022-07-11_14-48-48
2008,2022-07-11_14-50-46
2009,2022-07-11_15-45-37
2010,2022-07-11_15-48-57
2011,2022-07-11_15-50-46
2012,2022-07-11_16-45-47
2013,2022-07-11_16-49-07
2014,2022-07-11_16-50-46
2015,2022-07-11_17-45-58
2016,2022-07-11_17-49-18
2017,2022-07-11_17-50-46
2018,2022-07-11_18-46-06
2019,2022-07-11_18-49-26
2020,2022-07-11_18-50-47
2021,2022-07-11_19-46-15
2022,2022-07-11_19-49-35
2023,2022-07-11_19-50-47
2024,2022-07-12_07-47-58
2025,2022-07-12_07-50-50
2026,2022-07-12_08-48-06
2027,2022-07-12_08-50-50
2028,2022-07-12_09-48-15
2029,2022-07-12_09-50-51
2030,2022-07-12_10-48-23
2031,2022-07-12_10-50-51
2032,2022-07-12_11-48-33
2033,2022-07-12_11-50-51
2034,2022-07-12_12-48-44
2035,2022-07-12_12-50-51
2036,2022-07-12_13-48-53
2037,2022-07-12_13-50-52
2038,2022-07-12_14-49-01
2039,2022-07-12_14-50-52
2040,2022-07-12_15-49-09
2041,2022-07-12_15-50-52
2042,2022-07-12_16-49-20
2043,2022-07-12_16-50-52
2044,2022-07-12_17-49-28
2045,2022-07-12_17-50-53
2046,2022-07-12_18-49-38
2047,2022-07-12_18-50-53
2048,2022-07-12_19-49-46
2049,2022-07-12_19-50-53
2050,2022-07-13_07-42-29
2051,2022-07-13_07-45-49
2052,2022-07-13_07-49-09
2053,2022-07-13_07-50-56
2054,2022-07-13_08-42-30
2055,2022-07-13_08-45-50
2056,2022-07-13_08-49-10
2057,2022-07-13_08-50-56
2058,2022-07-13_09-42-41
2059,2022-07-13_09-46-01
2060,2022-07-13_09-49-21
2061,2022-07-13_09-50-57
2062,2022-07-13_10-42-50
2063,2022-07-13_10-46-10
2064,2022-07-13_10-49-30
2065,2022-07-13_10-50-57
2066,2022-07-13_11-42-58
2067,2022-07-13_11-46-18
2068,2022-07-13_11-49-38
2069,2022-07-13_11-50-57
2070,2022-07-13_12-43-07
2071,2022-07-13_12-46-27
2072,2022-07-13_12-49-47
2073,2022-07-13_12-50-57
2074,2022-07-13_13-43-17
2075,2022-07-13_13-46-37
2076,2022-07-13_13-49-57
2077,2022-07-13_13-50-58
2078,2022-07-13_14-43-25
2079,2022-07-13_14-46-45
2080,2022-07-13_14-50-05
2081,2022-07-13_14-50-58
2082,2022-07-13_15-43-33
2083,2022-07-13_15-46-53
2084,2022-07-13_15-50-13
2085,2022-07-13_15-50-58
2086,2022-07-13_16-43-44
2087,2022-07-13_16-47-04
2088,2022-07-13_16-50-24
2089,2022-07-13_16-50-58
2090,2022-07-13_17-43-52
2091,2022-07-13_17-47-12
2092,2022-07-13_17-50-32
2093,2022-07-13_17-50-59
2094,2022-07-13_18-44-00
2095,2022-07-13_18-47-20
2096,2022-07-13_19-44-08
2097,2022-07-13_19-47-28
2098,2022-07-13_19-50-59
2099,2022-07-14_07-46-00
2100,2022-07-14_07-49-20
2101,2022-07-14_07-51-02
2102,2022-07-14_08-46-08
2103,2022-07-14_08-49-28
2104,2022-07-14_08-51-03
2105,2022-07-14_09-46-18
2106,2022-07-14_09-49-38
2107,2022-07-14_09-51-03
2108,2022-07-14_10-46-27
2109,2022-07-14_10-49-47
2110,2022-07-14_10-51-03
2111,2022-07-14_11-46-36
2112,2022-07-14_11-49-56
2113,2022-07-14_11-51-03
2114,2022-07-14_12-46-45
2115,2022-07-14_12-50-05
2116,2022-07-14_12-51-04
2117,2022-07-14_13-46-54
2118,2022-07-14_13-50-14
2119,2022-07-14_13-51-04
2120,2022-07-14_14-47-04
2121,2022-07-14_14-50-24
2122,2022-07-14_14-51-04
2123,2022-07-14_15-47-12
2124,2022-07-14_15-50-32
2125,2022-07-14_15-51-04
2126,2022-07-14_16-47-21
2127,2022-07-14_16-50-41
2128,2022-07-14_16-51-05
2129,2022-07-14_17-47-29
2130,2022-07-14_17-51-05
2131,2022-07-14_18-47-37
2132,2022-07-14_18-51-05
2133,2022-07-14_19-47-45
2134,2022-07-14_19-51-05
2135,2022-07-15_07-49-28
2136,2022-07-15_07-51-08
2137,2022-07-15_08-49-36
2138,2022-07-15_08-51-08
2139,2022-07-15_09-49-45
2140,2022-07-15_09-51-09
2141,2022-07-15_10-49-54
2142,2022-07-15_10-51-09
2143,2022-07-15_11-50-03
2144,2022-07-15_11-51-09
2145,2022-07-15_12-50-11
2146,2022-07-15_12-51-10
2147,2022-07-15_13-50-21
2148,2022-07-15_13-51-10
2149,2022-07-15_14-50-29
2150,2022-07-15_14-51-10
2151,2022-07-15_15-50-37
2152,2022-07-15_15-51-10
2153,2022-07-15_16-50-46
2154,2022-07-15_16-51-10
2155,2022-07-15_17-51-11
2156,2022-07-15_18-51-11
2157,2022-07-15_19-51-11
2158,2022-07-16_07-38-12
2159,2022-07-16_07-41-14
2160,2022-07-16_07-43-47
2161,2022-07-16_07-47-07
2162,2022-07-16_07-50-27
2163,2022-07-16_07-51-15
2164,2022-07-16_08-38-19
2165,2022-07-16_08-41-15
2166,2022-07-16_08-43-47
2167,2022-07-16_08-47-07
2168,2022-07-16_08-50-27
2169,2022-07-16_08-51-15
2170,2022-07-16_09-11-16
2171,2022-07-16_09-13-49
2172,2022-07-16_09-17-09
2173,2022-07-16_09-20-29
2174,2022-07-16_09-21-15
2175,2022-07-16_09-23-49
2176,2022-07-16_09-27-09
2177,2022-07-16_09-30-29
2178,2022-07-16_09-31-15
2179,2022-07-16_09-33-49
2180,2022-07-16_09-37-09
2181,2022-07-16_09-40-29
2182,2022-07-16_09-41-15
2183,2022-07-16_09-43-49
2184,2022-07-16_09-47-09
2185,2022-07-16_09-50-29
2186,2022-07-16_09-51-15
2187,2022-07-16_10-11-26
2188,2022-07-16_10-13-49
2189,2022-07-16_10-17-09
2190,2022-07-16_10-20-29
2191,2022-07-16_10-21-15
2192,2022-07-16_10-23-51
2193,2022-07-16_10-27-11
2194,2022-07-16_10-30-31
2195,2022-07-16_10-31-15
2196,2022-07-16_10-33-51
2197,2022-07-16_10-37-11
2198,2022-07-16_10-40-31
2199,2022-07-16_10-41-15
2200,2022-07-16_10-43-51
2201,2022-07-16_10-47-11
2202,2022-07-16_10-50-31
2203,2022-07-16_10-51-15
2204,2022-07-16_11-11-38
2205,2022-07-16_11-13-53
2206,2022-07-16_11-17-13
2207,2022-07-16_11-20-33
2208,2022-07-16_11-21-16
2209,2022-07-16_11-23-53
2210,2022-07-16_11-27-13
2211,2022-07-16_11-30-33
2212,2022-07-16_11-31-16
2213,2022-07-16_11-33-53
2214,2022-07-16_11-37-13
2215,2022-07-16_11-40-33
2216,2022-07-16_11-41-16
2217,2022-07-16_11-43-54
2218,2022-07-16_11-47-14
2219,2022-07-16_11-50-34
2220,2022-07-16_11-51-16
2221,2022-07-16_12-11-46
2222,2022-07-16_12-13-54
2223,2022-07-16_12-17-14
2224,2022-07-16_12-20-34
2225,2022-07-16_12-21-16
2226,2022-07-16_12-23-55
2227,2022-07-16_12-27-15
2228,2022-07-16_12-30-35
2229,2022-07-16_12-31-16
2230,2022-07-16_12-33-55
2231,2022-07-16_12-37-15
2232,2022-07-16_12-40-35
2233,2022-07-16_12-41-16
2234,2022-07-16_12-43-55
2235,2022-07-16_12-45-32
2236,2022-07-16_12-48-52
2237,2022-07-16_12-51-16
2238,2022-07-16_13-31-27
2239,2022-07-16_13-33-59
2240,2022-07-16_13-37-19
2241,2022-07-16_13-40-39
2242,2022-07-16_13-41-16
2243,2022-07-16_13-43-59
2244,2022-07-16_13-47-19
2245,2022-07-16_13-50-39
2246,2022-07-16_13-51-16
2247,2022-07-16_14-31-35
2248,2022-07-16_14-33-59
2249,2022-07-16_14-37-19
2250,2022-07-16_14-40-39
2251,2022-07-16_14-41-17
2252,2022-07-16_14-43-59
2253,2022-07-16_14-47-19
2254,2022-07-16_14-50-39
2255,2022-07-16_14-51-17
2256,2022-07-16_15-31-43
2257,2022-07-16_15-33-59
2258,2022-07-16_15-37-19
2259,2022-07-16_15-40-39
2260,2022-07-16_15-41-17
2261,2022-07-16_15-43-59
2262,2022-07-16_15-47-19
2263,2022-07-16_15-50-39
2264,2022-07-16_15-51-17
2265,2022-07-16_16-31-52
2266,2022-07-16_16-34-00
2267,2022-07-16_16-37-20
2268,2022-07-16_16-40-40
2269,2022-07-16_16-41-17
2270,2022-07-16_16-44-00
2271,2022-07-16_16-47-20
2272,2022-07-16_16-50-40
2273,2022-07-16_16-51-17
2274,2022-07-16_17-32-01
2275,2022-07-16_17-34-01
2276,2022-07-16_17-37-21
2277,2022-07-16_17-40-41
2278,2022-07-16_17-41-17
2279,2022-07-16_17-44-01
2280,2022-07-16_17-47-21
2281,2022-07-16_17-50-41
2282,2022-07-16_17-51-17
2283,2022-07-16_18-32-09
2284,2022-07-16_18-34-01
2285,2022-07-16_18-37-21
2286,2022-07-16_18-40-41
2287,2022-07-16_18-41-17
2288,2022-07-16_18-44-01
2289,2022-07-16_18-47-21
2290,2022-07-16_18-50-41
2291,2022-07-16_18-51-17
2292,2022-07-16_19-32-17
2293,2022-07-16_19-34-01
2294,2022-07-16_19-37-21
2295,2022-07-16_19-40-41
2296,2022-07-16_19-41-18
2297,2022-07-16_19-44-01
2298,2022-07-16_19-47-21
2299,2022-07-16_19-50-41
2300,2022-07-16_19-51-18
2301,2022-07-17_07-33-59
2302,2022-07-17_07-37-19
2303,2022-07-17_07-40-39
2304,2022-07-17_07-41-21
2305,2022-07-17_07-44-14
2306,2022-07-17_07-47-34
2307,2022-07-17_07-50-54
2308,2022-07-17_07-51-21
2309,2022-07-17_08-34-13
2310,2022-07-17_08-37-33
2311,2022-07-17_08-40-53
2312,2022-07-17_08-41-21
2313,2022-07-17_08-44-13
2314,2022-07-17_08-47-33
2315,2022-07-17_08-50-53
2316,2022-07-17_08-51-21
2317,2022-07-17_09-34-15
2318,2022-07-17_09-37-35
2319,2022-07-17_09-40-55
2320,2022-07-17_09-41-21
2321,2022-07-17_09-44-13
2322,2022-07-17_09-47-33
2323,2022-07-17_09-50-53
2324,2022-07-17_09-51-21
2325,2022-07-17_10-34-26
2326,2022-07-17_10-37-46
2327,2022-07-17_10-41-22
2328,2022-07-17_10-44-15
2329,2022-07-17_10-47-35
2330,2022-07-17_10-50-55
2331,2022-07-17_10-51-22
2332,2022-07-17_11-34-34
2333,2022-07-17_11-37-54
2334,2022-07-17_11-41-22
2335,2022-07-17_11-44-16
2336,2022-07-17_11-47-36
2337,2022-07-17_11-50-56
2338,2022-07-17_11-51-22
2339,2022-07-17_12-34-43
2340,2022-07-17_12-38-03
2341,2022-07-17_12-41-22
2342,2022-07-17_12-44-16
2343,2022-07-17_12-47-36
2344,2022-07-17_12-50-56
2345,2022-07-17_12-51-22
2346,2022-07-17_13-34-51
2347,2022-07-17_13-38-11
2348,2022-07-17_13-41-22
2349,2022-07-17_13-44-16
2350,2022-07-17_13-47-36
2351,2022-07-17_13-50-56
2352,2022-07-17_13-51-22
2353,2022-07-17_14-34-59
2354,2022-07-17_14-38-19
2355,2022-07-17_14-41-23
2356,2022-07-17_14-44-15
2357,2022-07-17_14-47-35
2358,2022-07-17_14-50-55
2359,2022-07-17_14-51-23
2360,2022-07-17_15-35-08
2361,2022-07-17_15-38-28
2362,2022-07-17_15-41-23
2363,2022-07-17_15-44-18
2364,2022-07-17_15-47-38
2365,2022-07-17_15-50-58
2366,2022-07-17_15-51-23
2367,2022-07-17_16-35-16
2368,2022-07-17_16-38-36
2369,2022-07-17_16-41-23
2370,2022-07-17_16-44-18
2371,2022-07-17_16-47-38
2372,2022-07-17_16-50-58
2373,2022-07-17_16-51-23
2374,2022-07-17_17-35-24
2375,2022-07-17_17-38-44
2376,2022-07-17_17-41-23
2377,2022-07-17_17-44-19
2378,2022-07-17_17-47-39
2379,2022-07-17_17-50-59
2380,2022-07-17_17-51-24
2381,2022-07-17_18-35-33
2382,2022-07-17_18-38-53
2383,2022-07-17_18-41-24
2384,2022-07-17_18-44-22
2385,2022-07-17_18-47-42
2386,2022-07-17_18-51-02
2387,2022-07-17_18-51-24
2388,2022-07-17_19-35-43
2389,2022-07-17_19-39-03
2390,2022-07-17_19-41-24
2391,2022-07-17_19-44-22
2392,2022-07-17_19-47-42
2393,2022-07-17_19-51-02
2394,2022-07-17_19-51-24
2395,2022-07-18_07-50-42
2396,2022-07-18_07-51-27
2397,2022-07-18_08-50-50
2398,2022-07-18_08-51-28
2399,2022-07-18_09-04-40
2400,2022-07-18_09-08-00
2401,2022-07-18_09-11-28
2402,2022-07-18_09-14-40
2403,2022-07-18_09-18-00
2404,2022-07-18_09-21-28
2405,2022-07-18_09-24-41
2406,2022-07-18_09-28-01
2407,2022-07-18_09-31-28
2408,2022-07-18_09-34-41
2409,2022-07-18_09-38-01
2410,2022-07-18_09-41-28
2411,2022-07-18_09-44-41
2412,2022-07-18_09-48-01
2413,2022-07-18_09-51-28
2414,2022-07-18_10-04-41
2415,2022-07-18_10-08-01
2416,2022-07-18_10-11-28
2417,2022-07-18_10-14-41
2418,2022-07-18_10-18-01
2419,2022-07-18_10-21-28
2420,2022-07-18_10-24-41
2421,2022-07-18_10-28-01
2422,2022-07-18_10-31-28
2423,2022-07-18_10-34-41
2424,2022-07-18_10-38-01
2425,2022-07-18_10-41-28
2426,2022-07-18_10-44-41
2427,2022-07-18_10-48-01
2428,2022-07-18_10-51-28
2429,2022-07-18_11-04-41
2430,2022-07-18_11-08-01
2431,2022-07-18_11-11-28
2432,2022-07-18_11-14-41
2433,2022-07-18_11-18-01
2434,2022-07-18_11-21-28
2435,2022-07-18_11-24-41
2436,2022-07-18_11-28-01
2437,2022-07-18_11-31-28
2438,2022-07-18_11-34-41
2439,2022-07-18_11-38-01
2440,2022-07-18_11-41-28
2441,2022-07-18_11-44-41
2442,2022-07-18_11-48-01
2443,2022-07-18_11-51-28
2444,2022-07-18_12-04-42
2445,2022-07-18_12-08-02
2446,2022-07-18_12-11-28
2447,2022-07-18_12-14-42
2448,2022-07-18_12-18-02
2449,2022-07-18_12-21-28
2450,2022-07-18_12-24-44
2451,2022-07-18_12-28-04
2452,2022-07-18_12-31-28
2453,2022-07-18_12-34-44
2454,2022-07-18_12-38-04
2455,2022-07-18_12-41-29
2456,2022-07-18_12-44-45
2457,2022-07-18_12-48-05
2458,2022-07-18_12-51-29
2459,2022-07-18_13-04-45
2460,2022-07-18_13-08-05
2461,2022-07-18_13-11-29
2462,2022-07-18_13-14-45
2463,2022-07-18_13-18-05
2464,2022-07-18_13-21-29
2465,2022-07-18_13-24-45
2466,2022-07-18_13-28-05
2467,2022-07-18_13-31-29
2468,2022-07-18_13-34-45
2469,2022-07-18_13-38-05
2470,2022-07-18_13-41-29
2471,2022-07-18_13-44-45
2472,2022-07-18_13-48-05
2473,2022-07-18_13-51-29
2474,2022-07-18_14-04-45
2475,2022-07-18_14-08-05
2476,2022-07-18_14-11-29
2477,2022-07-18_14-14-45
2478,2022-07-18_14-18-05
2479,2022-07-18_14-21-29
2480,2022-07-18_14-24-45
2481,2022-07-18_14-28-05
2482,2022-07-18_14-31-29
2483,2022-07-18_14-34-46
2484,2022-07-18_14-38-06
2485,2022-07-18_14-41-29
2486,2022-07-18_14-44-46
2487,2022-07-18_14-48-06
2488,2022-07-18_14-51-29
2489,2022-07-18_15-04-46
2490,2022-07-18_15-08-06
2491,2022-07-18_15-11-29
2492,2022-07-18_15-14-46
2493,2022-07-18_15-18-06
2494,2022-07-18_15-21-29
2495,2022-07-18_15-24-46
2496,2022-07-18_15-28-06
2497,2022-07-18_15-31-29
2498,2022-07-18_15-34-46
2499,2022-07-18_15-38-06
2500,2022-07-18_15-41-29
2501,2022-07-18_15-44-47
2502,2022-07-18_15-48-07
2503,2022-07-18_15-51-29
2504,2022-07-18_16-04-47
2505,2022-07-18_16-08-07
2506,2022-07-18_16-11-29
2507,2022-07-18_16-14-47
2508,2022-07-18_16-18-07
2509,2022-07-18_16-21-29
2510,2022-07-18_16-24-47
2511,2022-07-18_16-28-07
2512,2022-07-18_16-29-28
2513,2022-07-18_16-31-29
2514,2022-07-18_16-34-50
2515,2022-07-18_16-38-10
2516,2022-07-18_16-41-30
2517,2022-07-18_16-44-50
2518,2022-07-18_16-48-10
2519,2022-07-18_16-51-30
2520,2022-07-18_17-29-36
2521,2022-07-18_17-31-30
2522,2022-07-18_17-34-51
2523,2022-07-18_17-38-11
2524,2022-07-18_17-41-30
2525,2022-07-18_17-44-51
2526,2022-07-18_17-48-11
2527,2022-07-18_17-51-30
2528,2022-07-18_18-29-45
2529,2022-07-18_18-31-30
2530,2022-07-18_18-34-53
2531,2022-07-18_18-38-13
2532,2022-07-18_18-41-30
2533,2022-07-18_18-44-53
2534,2022-07-18_18-48-13
2535,2022-07-18_18-51-30
2536,2022-07-18_19-29-55
2537,2022-07-18_19-31-30
2538,2022-07-18_19-34-56
2539,2022-07-18_19-38-16
2540,2022-07-18_19-41-30
2541,2022-07-18_19-44-56
2542,2022-07-18_19-48-16
2543,2022-07-18_19-51-30
2544,2022-07-19_07-31-42
2545,2022-07-19_07-35-10
2546,2022-07-19_07-38-30
2547,2022-07-19_07-41-33
2548,2022-07-19_07-45-12
2549,2022-07-19_07-48-32
2550,2022-07-19_07-51-34
2551,2022-07-19_08-31-52
2552,2022-07-19_08-35-13
2553,2022-07-19_08-38-33
2554,2022-07-19_08-41-34
2555,2022-07-19_08-45-13
2556,2022-07-19_08-48-33
2557,2022-07-19_08-51-34
2558,2022-07-19_09-32-03
2559,2022-07-19_09-35-15
2560,2022-07-19_09-38-35
2561,2022-07-19_09-41-34
2562,2022-07-19_09-44-54
2563,2022-07-19_09-45-15
2564,2022-07-19_09-48-35
2565,2022-07-19_09-51-34
2566,2022-07-19_09-54-54
2567,2022-07-19_10-32-12
2568,2022-07-19_10-35-19
2569,2022-07-19_10-38-39
2570,2022-07-19_10-41-34
2571,2022-07-19_10-44-54
2572,2022-07-19_10-45-19
2573,2022-07-19_10-48-39
2574,2022-07-19_10-51-34
2575,2022-07-19_10-54-54
2576,2022-07-19_11-32-21
2577,2022-07-19_11-35-23
2578,2022-07-19_11-38-43
2579,2022-07-19_11-41-35
2580,2022-07-19_11-44-55
2581,2022-07-19_11-45-23
2582,2022-07-19_11-48-43
2583,2022-07-19_11-51-35
2584,2022-07-19_11-54-55
2585,2022-07-19_12-32-31
2586,2022-07-19_12-35-24
2587,2022-07-19_12-38-44
2588,2022-07-19_12-41-35
2589,2022-07-19_12-44-55
2590,2022-07-19_12-45-24
2591,2022-07-19_12-48-44
2592,2022-07-19_12-51-35
2593,2022-07-19_12-54-55
2594,2022-07-19_13-32-41
2595,2022-07-19_13-35-27
2596,2022-07-19_13-38-47
2597,2022-07-19_13-41-35
2598,2022-07-19_13-44-55
2599,2022-07-19_13-45-27
2600,2022-07-19_13-48-47
2601,2022-07-19_13-51-35
2602,2022-07-19_13-54-55
2603,2022-07-19_14-32-49
2604,2022-07-19_14-35-27
2605,2022-07-19_14-38-47
2606,2022-07-19_14-41-35
2607,2022-07-19_14-44-55
2608,2022-07-19_14-45-27
2609,2022-07-19_14-48-47
2610,2022-07-19_14-51-35
2611,2022-07-19_14-54-55
2612,2022-07-19_15-32-59
2613,2022-07-19_15-35-30
2614,2022-07-19_15-38-50
2615,2022-07-19_15-41-35
2616,2022-07-19_15-44-55
2617,2022-07-19_15-45-30
2618,2022-07-19_15-48-50
2619,2022-07-19_15-51-36
2620,2022-07-19_15-54-56
2621,2022-07-19_16-33-08
2622,2022-07-19_16-35-30
2623,2022-07-19_16-38-50
2624,2022-07-19_16-41-36
2625,2022-07-19_16-44-56
2626,2022-07-19_16-45-32
2627,2022-07-19_16-48-52
2628,2022-07-19_16-51-36
2629,2022-07-19_16-54-56
2630,2022-07-19_17-33-18
2631,2022-07-19_17-35-32
2632,2022-07-19_17-38-52
2633,2022-07-19_17-41-36
2634,2022-07-19_17-44-56
2635,2022-07-19_17-45-33
2636,2022-07-19_17-48-53
2637,2022-07-19_17-51-36
2638,2022-07-19_17-54-56
2639,2022-07-19_18-33-28
2640,2022-07-19_18-35-35
2641,2022-07-19_18-38-55
2642,2022-07-19_18-41-36
2643,2022-07-19_18-44-56
2644,2022-07-19_18-45-35
2645,2022-07-19_18-48-55
2646,2022-07-19_18-51-36
2647,2022-07-19_18-54-56
2648,2022-07-19_19-33-37
2649,2022-07-19_19-35-37
2650,2022-07-19_19-38-57
2651,2022-07-19_19-41-37
2652,2022-07-19_19-44-57
2653,2022-07-19_19-45-38
2654,2022-07-19_19-48-58
2655,2022-07-19_19-51-37
2656,2022-07-19_19-54-57
2657,2022-07-20_07-35-37
2658,2022-07-20_07-36-06
2659,2022-07-20_07-39-26
2660,2022-07-20_07-41-40
2661,2022-07-20_07-45-00
2662,2022-07-20_07-46-06
2663,2022-07-20_07-49-26
2664,2022-07-20_07-51-40
2665,2022-07-20_07-55-00
2666,2022-07-20_08-36-07
2667,2022-07-20_08-39-27
2668,2022-07-20_08-41-40
2669,2022-07-20_08-45-00
2670,2022-07-20_08-46-07
2671,2022-07-20_08-49-27
2672,2022-07-20_08-51-40
2673,2022-07-20_08-55-00
2674,2022-07-20_09-36-09
2675,2022-07-20_09-39-29
2676,2022-07-20_09-41-40
2677,2022-07-20_09-45-00
2678,2022-07-20_09-46-09
2679,2022-07-20_09-49-29
2680,2022-07-20_09-51-40
2681,2022-07-20_09-55-00
2682,2022-07-20_10-36-10
2683,2022-07-20_10-39-30
2684,2022-07-20_10-41-41
2685,2022-07-20_10-45-01
2686,2022-07-20_10-46-11
2687,2022-07-20_10-49-31
2688,2022-07-20_10-51-41
2689,2022-07-20_10-55-01
2690,2022-07-20_11-36-13
2691,2022-07-20_11-39-33
2692,2022-07-20_11-41-41
2693,2022-07-20_11-45-01
2694,2022-07-20_11-46-11
2695,2022-07-20_11-49-31
2696,2022-07-20_11-51-41
2697,2022-07-20_11-55-01
2698,2022-07-20_12-36-23
2699,2022-07-20_12-39-43
2700,2022-07-20_12-41-41
2701,2022-07-20_12-45-01
2702,2022-07-20_12-46-14
2703,2022-07-20_12-49-34
2704,2022-07-20_12-51-41
2705,2022-07-20_12-55-01
2706,2022-07-20_13-36-31
2707,2022-07-20_13-39-51
2708,2022-07-20_13-41-41
2709,2022-07-20_13-45-01
2710,2022-07-20_13-46-13
2711,2022-07-20_13-49-33
2712,2022-07-20_13-51-41
2713,2022-07-20_13-55-01
2714,2022-07-20_14-36-41
2715,2022-07-20_14-40-01
2716,2022-07-20_14-41-41
2717,2022-07-20_14-45-01
2718,2022-07-20_14-46-15
2719,2022-07-20_14-49-35
2720,2022-07-20_14-51-42
2721,2022-07-20_14-55-02
2722,2022-07-20_15-36-49
2723,2022-07-20_15-39-13
2724,2022-07-20_15-41-42
2725,2022-07-20_15-45-02
2726,2022-07-20_15-46-14
2727,2022-07-20_15-49-34
2728,2022-07-20_15-51-42
2729,2022-07-20_15-55-02
2730,2022-07-20_16-39-21
2731,2022-07-20_16-41-42
2732,2022-07-20_16-45-02
2733,2022-07-20_16-46-15
2734,2022-07-20_16-49-35
2735,2022-07-20_16-51-42
2736,2022-07-20_16-55-02
2737,2022-07-20_17-39-31
2738,2022-07-20_17-41-42
2739,2022-07-20_17-45-02
2740,2022-07-20_17-46-17
2741,2022-07-20_17-49-37
2742,2022-07-20_17-51-42
2743,2022-07-20_17-55-02
2744,2022-07-20_18-39-39
2745,2022-07-20_18-41-42
2746,2022-07-20_18-45-02
2747,2022-07-20_18-46-17
2748,2022-07-20_18-49-37
2749,2022-07-20_18-51-42
2750,2022-07-20_18-55-02
2751,2022-07-20_19-39-48
2752,2022-07-20_19-41-43
2753,2022-07-20_19-45-03
2754,2022-07-20_19-46-19
2755,2022-07-20_19-49-39
2756,2022-07-20_19-51-43
2757,2022-07-20_19-55-03
2758,2022-07-21_07-41-46
2759,2022-07-21_07-45-06
2760,2022-07-21_07-46-37
2761,2022-07-21_07-49-57
2762,2022-07-21_07-51-46
2763,2022-07-21_07-55-06
2764,2022-07-21_08-41-49
2765,2022-07-21_08-45-09
2766,2022-07-21_08-46-37
2767,2022-07-21_08-49-57
2768,2022-07-21_08-51-46
2769,2022-07-21_08-55-06
2770,2022-07-21_09-41-59
2771,2022-07-21_09-45-19
2772,2022-07-21_09-46-39
2773,2022-07-21_09-49-59
2774,2022-07-21_09-51-46
2775,2022-07-21_09-55-06
2776,2022-07-21_10-42-09
2777,2022-07-21_10-45-29
2778,2022-07-21_10-46-41
2779,2022-07-21_10-50-01
2780,2022-07-21_10-51-47
2781,2022-07-21_10-55-07
2782,2022-07-21_11-42-19
2783,2022-07-21_11-45-39
2784,2022-07-21_11-46-43
2785,2022-07-21_11-50-03
2786,2022-07-21_11-51-47
2787,2022-07-21_11-55-07
2788,2022-07-21_12-42-27
2789,2022-07-21_12-45-47
2790,2022-07-21_12-46-44
2791,2022-07-21_12-50-04
2792,2022-07-21_12-51-47
2793,2022-07-21_12-55-07
2794,2022-07-21_13-42-35
2795,2022-07-21_13-45-55
2796,2022-07-21_13-46-45
2797,2022-07-21_13-50-05
2798,2022-07-21_13-51-47
2799,2022-07-21_13-55-07
2800,2022-07-21_14-42-49
2801,2022-07-21_14-46-09
2802,2022-07-21_14-46-51
2803,2022-07-21_14-50-11
2804,2022-07-21_14-51-48
2805,2022-07-21_14-55-08
2806,2022-07-21_15-42-58
2807,2022-07-21_15-46-18
2808,2022-07-21_15-46-54
2809,2022-07-21_15-50-14
2810,2022-07-21_15-51-48
2811,2022-07-21_15-55-08
2812,2022-07-21_16-43-11
2813,2022-07-21_16-46-31
2814,2022-07-21_16-46-54
2815,2022-07-21_16-50-14
2816,2022-07-21_16-51-48
2817,2022-07-21_16-55-08
2818,2022-07-21_17-43-20
2819,2022-07-21_17-46-56
2820,2022-07-21_17-50-16
2821,2022-07-21_17-51-48
2822,2022-07-21_17-55-08
2823,2022-07-21_18-43-36
2824,2022-07-21_18-47-03
2825,2022-07-21_18-50-23
2826,2022-07-21_18-51-49
2827,2022-07-21_18-55-09
2828,2022-07-21_19-43-45
2829,2022-07-21_19-47-04
2830,2022-07-21_19-50-24
2831,2022-07-21_19-51-49
2832,2022-07-21_19-55-09
2833,2022-07-22_07-07-50
2834,2022-07-22_07-11-10
2835,2022-07-22_07-11-52
2836,2022-07-22_07-15-12
2837,2022-07-22_07-17-50
2838,2022-07-22_07-21-10
2839,2022-07-22_07-21-52
2840,2022-07-22_07-25-12
2841,2022-07-22_07-27-50
2842,2022-07-22_07-31-10
2843,2022-07-22_07-31-52
2844,2022-07-22_07-35-12
2845,2022-07-22_07-37-50
2846,2022-07-22_07-41-10
2847,2022-07-22_07-41-52
2848,2022-07-22_07-45-12
2849,2022-07-22_07-47-55
2850,2022-07-22_07-51-15
2851,2022-07-22_07-51-52
2852,2022-07-22_07-55-12
2853,2022-07-22_08-07-55
2854,2022-07-22_08-11-15
2855,2022-07-22_08-11-52
2856,2022-07-22_08-15-12
2857,2022-07-22_08-17-55
2858,2022-07-22_08-21-15
2859,2022-07-22_08-21-52
2860,2022-07-22_08-25-12
2861,2022-07-22_08-28-02
2862,2022-07-22_08-31-22
2863,2022-07-22_08-31-52
2864,2022-07-22_08-35-12
2865,2022-07-22_08-38-03
2866,2022-07-22_08-41-23
2867,2022-07-22_08-41-52
2868,2022-07-22_08-45-12
2869,2022-07-22_08-48-03
2870,2022-07-22_08-51-23
2871,2022-07-22_08-51-52
2872,2022-07-22_08-55-12
2873,2022-07-22_09-08-04
2874,2022-07-22_09-11-24
2875,2022-07-22_09-11-52
2876,2022-07-22_09-15-12
2877,2022-07-22_09-18-04
2878,2022-07-22_09-21-24
2879,2022-07-22_09-21-52
2880,2022-07-22_09-25-12
2881,2022-07-22_09-28-04
2882,2022-07-22_09-31-24
2883,2022-07-22_09-31-52
2884,2022-07-22_09-35-12
2885,2022-07-22_09-38-05
2886,2022-07-22_09-41-25
2887,2022-07-22_09-41-52
2888,2022-07-22_09-45-12
2889,2022-07-22_09-48-05
2890,2022-07-22_09-51-25
2891,2022-07-22_09-51-52
2892,2022-07-22_09-55-12
2893,2022-07-22_10-08-05
2894,2022-07-22_10-11-25
2895,2022-07-22_10-11-52
2896,2022-07-22_10-15-12
2897,2022-07-22_10-18-11
2898,2022-07-22_10-21-31
2899,2022-07-22_10-21-52
2900,2022-07-22_10-25-12
2901,2022-07-22_10-28-14
2902,2022-07-22_10-31-52
2903,2022-07-22_10-35-12
2904,2022-07-22_10-38-14
2905,2022-07-22_10-41-52
2906,2022-07-22_10-44-26
2907,2022-07-22_10-47-46
2908,2022-07-22_10-48-15
2909,2022-07-22_10-51-53
2910,2022-07-22_10-55-13
2911,2022-07-22_11-44-36
2912,2022-07-22_11-47-56
2913,2022-07-22_11-48-17
2914,2022-07-22_11-51-53
2915,2022-07-22_11-55-42
2916,2022-07-22_12-55-54
2917,2022-07-22_13-56-05
2918,2022-07-22_14-56-13
2919,2022-07-22_15-56-25
2920,2022-07-22_16-56-35
2921,2022-07-22_17-56-51
2922,2022-07-22_18-57-01
2923,2022-07-22_19-57-14
2924,2022-07-23_11-03-02
2925,2022-07-23_11-06-22
2926,2022-07-23_11-09-42
2927,2022-07-23_11-10-15
2928,2022-07-23_11-11-59
2929,2022-07-23_11-15-19
2930,2022-07-23_11-18-39
2931,2022-07-23_11-20-15
2932,2022-07-23_11-21-59
2933,2022-07-23_11-25-19
2934,2022-07-23_11-28-39
2935,2022-07-23_11-30-17
2936,2022-07-23_11-31-59
2937,2022-07-23_11-35-19
2938,2022-07-23_11-38-39
2939,2022-07-23_11-40-17
2940,2022-07-23_11-41-59
2941,2022-07-23_11-45-19
2942,2022-07-23_11-48-39
2943,2022-07-23_11-50-19
2944,2022-07-23_12-03-12
2945,2022-07-23_12-06-32
2946,2022-07-23_12-09-52
2947,2022-07-23_12-10-19
2948,2022-07-23_12-11-59
2949,2022-07-23_12-15-19
2950,2022-07-23_12-18-39
2951,2022-07-23_12-20-26
2952,2022-07-23_12-21-59
2953,2022-07-23_12-25-19
2954,2022-07-23_12-28-39
2955,2022-07-23_12-30-26
2956,2022-07-23_12-31-59
2957,2022-07-23_12-35-19
2958,2022-07-23_12-38-39
2959,2022-07-23_12-40-26
2960,2022-07-23_12-41-59
2961,2022-07-23_12-45-19
2962,2022-07-23_12-48-39
2963,2022-07-23_12-50-30
2964,2022-07-23_13-03-31
2965,2022-07-23_13-06-51
2966,2022-07-23_13-10-11
2967,2022-07-23_13-10-31
2968,2022-07-23_13-11-59
2969,2022-07-23_13-15-19
2970,2022-07-23_13-18-39
2971,2022-07-23_13-20-31
2972,2022-07-23_13-21-59
2973,2022-07-23_13-25-19
2974,2022-07-23_13-28-39
2975,2022-07-23_13-30-31
2976,2022-07-23_13-31-59
2977,2022-07-23_13-35-19
2978,2022-07-23_13-38-39
2979,2022-07-23_13-40-31
2980,2022-07-23_13-41-59
2981,2022-07-23_13-45-19
2982,2022-07-23_13-48-39
2983,2022-07-23_13-50-31
2984,2022-07-23_14-03-39
2985,2022-07-23_14-06-59
2986,2022-07-23_14-10-33
2987,2022-07-23_14-12-00
2988,2022-07-23_14-15-20
2989,2022-07-23_14-18-40
2990,2022-07-23_14-20-33
2991,2022-07-23_14-22-00
2992,2022-07-23_14-25-20
2993,2022-07-23_14-28-40
2994,2022-07-23_14-30-33
2995,2022-07-23_14-32-00
2996,2022-07-23_14-35-20
2997,2022-07-23_14-38-40
2998,2022-07-23_14-40-40
2999,2022-07-23_14-42-00
3000,2022-07-23_14-45-20
3001,2022-07-23_14-48-40
3002,2022-07-23_14-50-40
3003,2022-07-23_15-03-56
3004,2022-07-23_15-07-16
3005,2022-07-23_15-10-40
3006,2022-07-23_15-12-00
3007,2022-07-23_15-15-20
3008,2022-07-23_15-18-40
3009,2022-07-23_15-20-42
3010,2022-07-23_15-22-00
3011,2022-07-23_15-25-20
3012,2022-07-23_15-28-40
3013,2022-07-23_15-30-42
3014,2022-07-23_15-32-00
3015,2022-07-23_15-35-20
3016,2022-07-23_15-38-40
3017,2022-07-23_15-40-42
3018,2022-07-23_15-42-00
3019,2022-07-23_15-45-20
3020,2022-07-23_15-48-40
3021,2022-07-23_15-50-43
3022,2022-07-23_16-04-06
3023,2022-07-23_16-07-26
3024,2022-07-23_16-10-43
3025,2022-07-23_16-12-00
3026,2022-07-23_16-15-20
3027,2022-07-23_16-18-40
3028,2022-07-23_16-20-45
3029,2022-07-23_16-22-00
3030,2022-07-23_16-25-20
3031,2022-07-23_16-28-40
3032,2022-07-23_16-30-47
3033,2022-07-23_16-32-00
3034,2022-07-23_16-35-20
3035,2022-07-23_16-38-40
3036,2022-07-23_16-40-48
3037,2022-07-23_16-42-00
3038,2022-07-23_16-45-20
3039,2022-07-23_16-48-40
3040,2022-07-23_16-50-48
3041,2022-07-23_17-04-21
3042,2022-07-23_17-07-41
3043,2022-07-23_17-10-51
3044,2022-07-23_17-12-00
3045,2022-07-23_17-15-20
3046,2022-07-23_17-18-40
3047,2022-07-23_17-20-51
3048,2022-07-23_17-22-00
3049,2022-07-23_17-25-20
3050,2022-07-23_17-28-40
3051,2022-07-23_17-30-55
3052,2022-07-23_17-32-01
3053,2022-07-23_17-35-21
3054,2022-07-23_17-38-41
3055,2022-07-23_17-40-55
3056,2022-07-23_17-42-01
3057,2022-07-23_17-45-21
3058,2022-07-23_17-48-41
3059,2022-07-23_17-50-55
3060,2022-07-23_18-04-37
3061,2022-07-23_18-07-57
3062,2022-07-23_18-11-00
3063,2022-07-23_18-12-01
3064,2022-07-23_18-15-21
3065,2022-07-23_18-18-41
3066,2022-07-23_18-21-03
3067,2022-07-23_18-22-01
3068,2022-07-23_18-25-21
3069,2022-07-23_18-28-41
3070,2022-07-23_18-31-03
3071,2022-07-23_18-32-01
3072,2022-07-23_18-35-21
3073,2022-07-23_18-38-41
3074,2022-07-23_18-41-03
3075,2022-07-23_18-42-01
3076,2022-07-23_18-45-21
3077,2022-07-23_18-48-41
3078,2022-07-23_18-51-03
3079,2022-07-23_19-04-49
3080,2022-07-23_19-08-09
3081,2022-07-23_19-11-04
3082,2022-07-23_19-12-01
3083,2022-07-23_19-15-21
3084,2022-07-23_19-18-41
3085,2022-07-23_19-21-04
3086,2022-07-23_19-22-01
3087,2022-07-23_19-25-21
3088,2022-07-23_19-28-41
3089,2022-07-23_19-31-04
3090,2022-07-23_19-32-01
3091,2022-07-23_19-35-21
3092,2022-07-23_19-38-41
3093,2022-07-23_19-41-04
3094,2022-07-23_19-42-01
3095,2022-07-23_19-45-21
3096,2022-07-23_19-48-41
3097,2022-07-23_19-51-08
3098,2022-07-24_07-07-09
3099,2022-07-24_07-10-29
3100,2022-07-24_07-12-04
3101,2022-07-24_07-15-24
3102,2022-07-24_07-18-44
3103,2022-07-24_07-22-04
3104,2022-07-24_07-25-24
3105,2022-07-24_07-28-44
3106,2022-07-24_07-32-04
3107,2022-07-24_07-35-24
3108,2022-07-24_07-38-44
3109,2022-07-24_07-42-04
3110,2022-07-24_07-45-24
3111,2022-07-24_07-48-44
3112,2022-07-24_08-07-18
3113,2022-07-24_08-10-38
3114,2022-07-24_08-12-05
3115,2022-07-24_08-15-25
3116,2022-07-24_08-18-45
3117,2022-07-24_08-22-05
3118,2022-07-24_08-25-25
3119,2022-07-24_08-28-45
3120,2022-07-24_08-32-05
3121,2022-07-24_08-35-25
3122,2022-07-24_08-38-45
3123,2022-07-24_08-42-05
3124,2022-07-24_08-45-25
3125,2022-07-24_08-48-45
3126,2022-07-24_09-07-28
3127,2022-07-24_09-10-48
3128,2022-07-24_09-12-06
3129,2022-07-24_09-15-26
3130,2022-07-24_09-18-46
3131,2022-07-24_09-22-06
3132,2022-07-24_09-25-26
3133,2022-07-24_09-28-46
3134,2022-07-24_09-32-06
3135,2022-07-24_09-35-26
3136,2022-07-24_09-38-46
3137,2022-07-24_09-42-06
3138,2022-07-24_09-45-26
3139,2022-07-24_09-48-46
3140,2022-07-24_10-07-38
3141,2022-07-24_10-10-58
3142,2022-07-24_10-12-08
3143,2022-07-24_10-15-28
3144,2022-07-24_10-18-48
3145,2022-07-24_10-22-08
3146,2022-07-24_10-25-28
3147,2022-07-24_10-28-48
3148,2022-07-24_10-32-13
3149,2022-07-24_10-35-33
3150,2022-07-24_10-38-53
3151,2022-07-24_10-42-13
3152,2022-07-24_10-45-33
3153,2022-07-24_10-48-53
3154,2022-07-24_11-07-50
3155,2022-07-24_11-11-10
3156,2022-07-24_11-12-18
3157,2022-07-24_11-15-38
3158,2022-07-24_11-18-58
3159,2022-07-24_11-22-18
3160,2022-07-24_11-25-38
3161,2022-07-24_11-28-58
3162,2022-07-24_11-32-18
3163,2022-07-24_11-35-38
3164,2022-07-24_11-38-58
3165,2022-07-24_11-42-18
3166,2022-07-24_11-45-38
3167,2022-07-24_11-48-58
3168,2022-07-24_12-08-00
3169,2022-07-24_12-11-20
3170,2022-07-24_12-12-21
3171,2022-07-24_12-15-41
3172,2022-07-24_12-19-01
3173,2022-07-24_12-22-21
3174,2022-07-24_12-25-41
3175,2022-07-24_12-29-01
3176,2022-07-24_12-32-25
3177,2022-07-24_12-35-45
3178,2022-07-24_12-39-05
3179,2022-07-24_12-42-25
3180,2022-07-24_12-45-45
3181,2022-07-24_12-49-05
3182,2022-07-24_13-08-13
3183,2022-07-24_13-11-33
3184,2022-07-24_13-12-25
3185,2022-07-24_13-15-45
3186,2022-07-24_13-19-05
3187,2022-07-24_13-22-25
3188,2022-07-24_13-25-45
3189,2022-07-24_13-29-05
3190,2022-07-24_13-32-28
3191,2022-07-24_13-35-48
3192,2022-07-24_13-39-08
3193,2022-07-24_13-42-06
3194,2022-07-24_13-42-28
3195,2022-07-24_13-45-48
3196,2022-07-24_13-49-08
3197,2022-07-24_13-52-06
3198,2022-07-24_14-08-24
3199,2022-07-24_14-11-44
3200,2022-07-24_14-12-06
3201,2022-07-24_14-12-37
3202,2022-07-24_14-15-57
3203,2022-07-24_14-19-17
3204,2022-07-24_14-22-06
3205,2022-07-24_14-22-33
3206,2022-07-24_14-25-53
3207,2022-07-24_14-29-13
3208,2022-07-24_14-32-06
3209,2022-07-24_14-32-33
3210,2022-07-24_14-35-53
3211,2022-07-24_14-39-13
3212,2022-07-24_14-42-06
3213,2022-07-24_14-42-33
3214,2022-07-24_14-45-53
3215,2022-07-24_14-49-13
3216,2022-07-24_14-52-06
3217,2022-07-24_15-12-45
3218,2022-07-24_15-16-19
3219,2022-07-24_15-19-39
3220,2022-07-24_15-22-06
3221,2022-07-24_15-22-41
3222,2022-07-24_15-26-01
3223,2022-07-24_15-29-21
3224,2022-07-24_15-32-06
3225,2022-07-24_15-32-41
3226,2022-07-24_15-36-01
3227,2022-07-24_15-39-21
3228,2022-07-24_15-42-07
3229,2022-07-24_15-42-41
3230,2022-07-24_15-46-01
3231,2022-07-24_15-49-21
3232,2022-07-24_15-52-07
3233,2022-07-24_16-16-31
3234,2022-07-24_16-19-51
3235,2022-07-24_16-22-07
3236,2022-07-24_16-22-47
3237,2022-07-24_16-26-07
3238,2022-07-24_16-29-27
3239,2022-07-24_16-32-07
3240,2022-07-24_16-32-47
3241,2022-07-24_16-36-07
3242,2022-07-24_16-39-27
3243,2022-07-24_16-42-07
3244,2022-07-24_16-42-47
3245,2022-07-24_16-46-07
3246,2022-07-24_16-49-27
3247,2022-07-24_16-52-07
3248,2022-07-24_17-16-44
3249,2022-07-24_17-20-04
3250,2022-07-24_17-22-07
3251,2022-07-24_17-22-50
3252,2022-07-24_17-26-10
3253,2022-07-24_17-29-30
3254,2022-07-24_17-32-07
3255,2022-07-24_17-32-57
3256,2022-07-24_17-36-17
3257,2022-07-24_17-39-37
3258,2022-07-24_17-42-07
3259,2022-07-24_17-42-57
3260,2022-07-24_17-46-17
3261,2022-07-24_17-49-37
3262,2022-07-24_17-52-07
3263,2022-07-24_18-17-02
3264,2022-07-24_18-20-22
3265,2022-07-24_18-22-07
3266,2022-07-24_18-23-02
3267,2022-07-24_18-26-22
3268,2022-07-24_18-29-42
3269,2022-07-24_18-32-07
3270,2022-07-24_18-33-02
3271,2022-07-24_18-36-22
3272,2022-07-24_18-39-42
3273,2022-07-24_18-42-07
3274,2022-07-24_18-43-02
3275,2022-07-24_18-46-22
3276,2022-07-24_18-49-42
3277,2022-07-24_18-52-07
3278,2022-07-24_19-17-16
3279,2022-07-24_19-20-36
3280,2022-07-24_19-22-08
3281,2022-07-24_19-23-08
3282,2022-07-24_19-26-28
3283,2022-07-24_19-29-48
3284,2022-07-24_19-32-08
3285,2022-07-24_19-33-08
3286,2022-07-24_19-36-28
3287,2022-07-24_19-39-48
3288,2022-07-24_19-42-08
3289,2022-07-24_19-43-09
3290,2022-07-24_19-46-29
3291,2022-07-24_19-49-49
3292,2022-07-24_19-52-08
3293,2022-07-25_07-19-36
3294,2022-07-25_07-22-11
3295,2022-07-25_07-24-07
3296,2022-07-25_07-27-27
3297,2022-07-25_07-30-47
3298,2022-07-25_07-32-11
3299,2022-07-25_07-34-07
3300,2022-07-25_07-37-27
3301,2022-07-25_07-40-47
3302,2022-07-25_07-42-11
3303,2022-07-25_07-44-12
3304,2022-07-25_07-47-32
3305,2022-07-25_07-50-52
3306,2022-07-25_07-52-11
3307,2022-07-25_08-19-49
3308,2022-07-25_08-22-11
3309,2022-07-25_08-24-18
3310,2022-07-25_08-27-38
3311,2022-07-25_08-30-58
3312,2022-07-25_08-32-11
3313,2022-07-25_08-34-18
3314,2022-07-25_08-37-38
3315,2022-07-25_08-40-58
3316,2022-07-25_08-42-11
3317,2022-07-25_08-44-18
3318,2022-07-25_08-47-38
3319,2022-07-25_08-50-58
3320,2022-07-25_08-52-11
3321,2022-07-25_09-20-00
3322,2022-07-25_09-22-11
3323,2022-07-25_09-24-22
3324,2022-07-25_09-27-42
3325,2022-07-25_09-31-02
3326,2022-07-25_09-32-11
3327,2022-07-25_09-34-22
3328,2022-07-25_09-37-42
3329,2022-07-25_09-41-02
3330,2022-07-25_09-42-11
3331,2022-07-25_09-44-22
3332,2022-07-25_09-47-42
3333,2022-07-25_09-51-02
3334,2022-07-25_09-52-12
3335,2022-07-25_10-20-09
3336,2022-07-25_10-22-12
3337,2022-07-25_10-24-23
3338,2022-07-25_10-27-43
3339,2022-07-25_10-31-03
3340,2022-07-25_10-32-12
3341,2022-07-25_10-35-32
3342,2022-07-25_10-38-52
3343,2022-07-25_10-42-12
3344,2022-07-25_10-44-22
3345,2022-07-25_10-47-42
3346,2022-07-25_10-51-02
3347,2022-07-25_10-52-12
3348,2022-07-25_11-20-24
3349,2022-07-25_11-22-12
3350,2022-07-25_11-24-31
3351,2022-07-25_11-27-51
3352,2022-07-25_11-31-11
3353,2022-07-25_11-32-12
3354,2022-07-25_11-34-31
3355,2022-07-25_11-37-51
3356,2022-07-25_11-41-11
3357,2022-07-25_11-42-12
3358,2022-07-25_11-44-31
3359,2022-07-25_11-47-51
3360,2022-07-25_11-51-11
3361,2022-07-25_11-52-12
3362,2022-07-25_12-20-33
3363,2022-07-25_12-22-12
3364,2022-07-25_12-24-31
3365,2022-07-25_12-27-51
3366,2022-07-25_12-31-11
3367,2022-07-25_12-32-12
3368,2022-07-25_12-34-35
3369,2022-07-25_12-37-55
3370,2022-07-25_12-41-15
3371,2022-07-25_12-42-12
3372,2022-07-25_12-44-35
3373,2022-07-25_12-47-55
3374,2022-07-25_12-51-15
3375,2022-07-25_12-52-12
3376,2022-07-25_13-20-47
3377,2022-07-25_13-22-13
3378,2022-07-25_13-24-37
3379,2022-07-25_13-27-57
3380,2022-07-25_13-31-17
3381,2022-07-25_13-32-13
3382,2022-07-25_13-34-37
3383,2022-07-25_13-37-57
3384,2022-07-25_13-41-17
3385,2022-07-25_13-42-13
3386,2022-07-25_13-44-37
3387,2022-07-25_13-47-57
3388,2022-07-25_13-51-17
3389,2022-07-25_13-52-13
3390,2022-07-25_14-21-00
3391,2022-07-25_14-22-13
3392,2022-07-25_14-24-44
3393,2022-07-25_14-28-04
3394,2022-07-25_14-31-24
3395,2022-07-25_14-32-13
3396,2022-07-25_14-34-44
3397,2022-07-25_14-38-04
3398,2022-07-25_14-41-24
3399,2022-07-25_14-42-13
3400,2022-07-25_14-44-47
3401,2022-07-25_14-48-07
3402,2022-07-25_14-51-27
3403,2022-07-25_14-52-13
3404,2022-07-25_15-21-12
3405,2022-07-25_15-22-13
3406,2022-07-25_15-24-50
3407,2022-07-25_15-28-10
3408,2022-07-25_15-31-30
3409,2022-07-25_15-32-13
3410,2022-07-25_15-34-53
3411,2022-07-25_15-38-13
3412,2022-07-25_15-41-33
3413,2022-07-25_15-42-13
3414,2022-07-25_15-44-53
3415,2022-07-25_15-48-13
3416,2022-07-25_15-51-33
3417,2022-07-25_15-52-13
3418,2022-07-25_16-21-29
3419,2022-07-25_16-22-13
3420,2022-07-25_16-25-00
3421,2022-07-25_16-28-20
3422,2022-07-25_16-31-40
3423,2022-07-25_16-32-14
3424,2022-07-25_16-35-01
3425,2022-07-25_16-38-21
3426,2022-07-25_16-41-41
3427,2022-07-25_16-42-14
3428,2022-07-25_16-45-01
3429,2022-07-25_16-48-21
3430,2022-07-25_16-51-41
3431,2022-07-25_16-52-14
3432,2022-07-25_17-21-44
3433,2022-07-25_17-22-14
3434,2022-07-25_17-25-08
3435,2022-07-25_17-28-28
3436,2022-07-25_17-31-48
3437,2022-07-25_17-32-14
3438,2022-07-25_17-35-08
3439,2022-07-25_17-38-28
3440,2022-07-25_17-41-48
3441,2022-07-25_17-42-14
3442,2022-07-25_17-45-08
3443,2022-07-25_17-48-28
3444,2022-07-25_17-51-48
3445,2022-07-25_17-52-14
3446,2022-07-25_18-22-14
3447,2022-07-25_18-25-14
3448,2022-07-25_18-28-34
3449,2022-07-25_18-31-54
3450,2022-07-25_18-32-14
3451,2022-07-25_18-35-14
3452,2022-07-25_18-38-34
3453,2022-07-25_18-41-54
3454,2022-07-25_18-42-14
3455,2022-07-25_18-45-14
3456,2022-07-25_18-48-34
3457,2022-07-25_18-51-54
3458,2022-07-25_18-52-14
3459,2022-07-25_19-22-14
3460,2022-07-25_19-25-25
3461,2022-07-25_19-28-45
3462,2022-07-25_19-32-14
3463,2022-07-25_19-35-25
3464,2022-07-25_19-38-45
3465,2022-07-25_19-42-14
3466,2022-07-25_19-45-25
3467,2022-07-25_19-48-45
3468,2022-07-25_19-52-14
3469,2022-07-26_07-24-43
3470,2022-07-26_07-26-38
3471,2022-07-26_07-29-58
3472,2022-07-26_07-32-18
3473,2022-07-26_07-35-38
3474,2022-07-26_07-36-38
3475,2022-07-26_07-39-58
3476,2022-07-26_07-42-18
3477,2022-07-26_07-45-38
3478,2022-07-26_07-46-44
3479,2022-07-26_07-50-04
3480,2022-07-26_07-52-18
3481,2022-07-26_07-55-38
3482,2022-07-26_08-25-00
3483,2022-07-26_08-26-48
3484,2022-07-26_08-30-08
3485,2022-07-26_08-32-18
3486,2022-07-26_08-35-38
3487,2022-07-26_08-36-50
3488,2022-07-26_08-40-10
3489,2022-07-26_08-42-18
3490,2022-07-26_08-45-38
3491,2022-07-26_08-46-50
3492,2022-07-26_08-50-10
3493,2022-07-26_08-52-18
3494,2022-07-26_08-55-38
3495,2022-07-26_09-25-09
3496,2022-07-26_09-26-55
3497,2022-07-26_09-30-15
3498,2022-07-26_09-32-18
3499,2022-07-26_09-35-38
3500,2022-07-26_09-36-55
3501,2022-07-26_09-40-15
3502,2022-07-26_09-42-18
3503,2022-07-26_09-45-38
3504,2022-07-26_09-47-00
3505,2022-07-26_09-50-20
3506,2022-07-26_09-52-18
3507,2022-07-26_09-55-38
3508,2022-07-26_10-25-27
3509,2022-07-26_10-27-06
3510,2022-07-26_10-30-26
3511,2022-07-26_10-32-18
3512,2022-07-26_10-35-38
3513,2022-07-26_10-37-06
3514,2022-07-26_10-40-26
3515,2022-07-26_10-42-18
3516,2022-07-26_10-45-38
3517,2022-07-26_10-47-10
3518,2022-07-26_10-50-30
3519,2022-07-26_10-52-18
3520,2022-07-26_10-55-38
3521,2022-07-26_11-25-39
3522,2022-07-26_11-27-11
3523,2022-07-26_11-30-31
3524,2022-07-26_11-32-18
3525,2022-07-26_11-35-38
3526,2022-07-26_11-37-13
3527,2022-07-26_11-40-33
3528,2022-07-26_11-42-18
3529,2022-07-26_11-45-38
3530,2022-07-26_11-47-13
3531,2022-07-26_11-50-33
3532,2022-07-26_11-52-19
3533,2022-07-26_11-55-39
3534,2022-07-26_12-25-49
3535,2022-07-26_12-27-16
3536,2022-07-26_12-30-36
3537,2022-07-26_12-32-19
3538,2022-07-26_12-35-39
3539,2022-07-26_12-37-17
3540,2022-07-26_12-40-37
3541,2022-07-26_12-42-19
3542,2022-07-26_12-45-39
3543,2022-07-26_12-47-21
3544,2022-07-26_12-50-41
3545,2022-07-26_12-52-19
3546,2022-07-26_12-55-39
3547,2022-07-26_13-26-06
3548,2022-07-26_13-27-25
3549,2022-07-26_13-30-45
3550,2022-07-26_13-32-19
3551,2022-07-26_13-35-39
3552,2022-07-26_13-37-25
3553,2022-07-26_13-40-45
3554,2022-07-26_13-42-19
3555,2022-07-26_13-45-39
3556,2022-07-26_13-47-27
3557,2022-07-26_13-50-47
3558,2022-07-26_13-52-19
3559,2022-07-26_13-55-39
3560,2022-07-26_14-26-17
3561,2022-07-26_14-27-33
3562,2022-07-26_14-30-53
3563,2022-07-26_14-32-19
3564,2022-07-26_14-35-39
3565,2022-07-26_14-37-33
3566,2022-07-26_14-40-53
3567,2022-07-26_14-42-19
3568,2022-07-26_14-45-39
3569,2022-07-26_14-47-33
3570,2022-07-26_14-50-53
3571,2022-07-26_14-52-19
3572,2022-07-26_14-55-39
3573,2022-07-26_15-26-34
3574,2022-07-26_15-27-43
3575,2022-07-26_15-31-03
3576,2022-07-26_15-32-19
3577,2022-07-26_15-35-39
3578,2022-07-26_15-37-43
3579,2022-07-26_15-41-03
3580,2022-07-26_15-42-19
3581,2022-07-26_15-45-39
3582,2022-07-26_15-47-45
3583,2022-07-26_15-51-05
3584,2022-07-26_15-52-19
3585,2022-07-26_15-55-39
3586,2022-07-26_16-26-44
3587,2022-07-26_16-27-46
3588,2022-07-26_16-31-06
3589,2022-07-26_16-32-20
3590,2022-07-26_16-35-40
3591,2022-07-26_16-37-46
3592,2022-07-26_16-41-06
3593,2022-07-26_16-42-20
3594,2022-07-26_16-45-40
3595,2022-07-26_16-47-46
3596,2022-07-26_16-51-06
3597,2022-07-26_16-52-20
3598,2022-07-26_16-55-40
3599,2022-07-26_17-26-57
3600,2022-07-26_17-27-51
3601,2022-07-26_17-31-11
3602,2022-07-26_17-32-20
3603,2022-07-26_17-35-40
3604,2022-07-26_17-37-51
3605,2022-07-26_17-41-11
3606,2022-07-26_17-42-20
3607,2022-07-26_17-45-40
3608,2022-07-26_17-47-57
3609,2022-07-26_17-51-17
3610,2022-07-26_17-52-20
3611,2022-07-26_17-55-40
3612,2022-07-26_18-27-14
3613,2022-07-26_18-28-01
3614,2022-07-26_18-31-21
3615,2022-07-26_18-32-20
3616,2022-07-26_18-35-40
3617,2022-07-26_18-38-01
3618,2022-07-26_18-41-21
3619,2022-07-26_18-42-20
3620,2022-07-26_18-45-40
3621,2022-07-26_18-48-03
3622,2022-07-26_18-51-23
3623,2022-07-26_18-52-20
3624,2022-07-26_18-55-40
3625,2022-07-26_19-27-24
3626,2022-07-26_19-28-04
3627,2022-07-26_19-31-24
3628,2022-07-26_19-32-20
3629,2022-07-26_19-35-40
3630,2022-07-26_19-38-08
3631,2022-07-26_19-41-28
3632,2022-07-26_19-42-20
3633,2022-07-26_19-45-40
3634,2022-07-26_19-48-08
3635,2022-07-26_19-51-28
3636,2022-07-26_19-52-20
3637,2022-07-26_19-55-40
3638,2022-07-27_07-43-14
3639,2022-07-27_07-46-34
3640,2022-07-27_07-49-25
3641,2022-07-27_07-52-24
3642,2022-07-27_07-55-44
3643,2022-07-27_07-59-04
3644,2022-07-27_08-43-26
3645,2022-07-27_08-46-46
3646,2022-07-27_08-49-36
3647,2022-07-27_08-52-24
3648,2022-07-27_08-55-44
3649,2022-07-27_08-59-04
3650,2022-07-27_09-43-48
3651,2022-07-27_09-47-08
3652,2022-07-27_09-49-47
3653,2022-07-27_09-52-24
3654,2022-07-27_09-55-44
3655,2022-07-27_09-59-04
3656,2022-07-27_10-43-58
3657,2022-07-27_10-47-18
3658,2022-07-27_10-49-48
3659,2022-07-27_10-52-24
3660,2022-07-27_10-55-44
3661,2022-07-27_10-59-04
3662,2022-07-27_11-44-10
3663,2022-07-27_11-47-30
3664,2022-07-27_11-49-53
3665,2022-07-27_11-52-25
3666,2022-07-27_11-55-45
3667,2022-07-27_11-59-05
3668,2022-07-27_12-44-26
3669,2022-07-27_12-47-46
3670,2022-07-27_12-50-08
3671,2022-07-27_13-44-41
3672,2022-07-27_13-48-01
3673,2022-07-27_13-50-21
